foo,bar,counter
0,a,0
1,b,0
2,c,0
3,d,0
4,e,0
5,a,0
6,b,0
7,c,0
8,d,0
9,e,0
10,a,0
11,b,0
12,c,0
13,d,0
14,e,0
15,a,0
16,b,0
17,c,0
18,d,0
19,e,0
20,a,0
21,b,0
22,c,0
23,d,0
24,e,0
25,a,0
26,b,0
27,c,0
28,d,0
29,e,0
30,a,0
31,b,0
32,c,0
33,d,0
34,e,0
35,a,0
36,b,0
37,c,0
38,d,0
39,e,0
40,a,0
41,b,0
42,c,0
43,d,0
44,e,0
45,a,0
46,b,0
47,c,0
48,d,0
49,e,0
50,a,0
51,b,0
52,c,0
53,d,0
54,e,0
55,a,0
56,b,0
57,c,0
58,d,0
59,e,0
60,a,0
61,b,0
62,c,0
63,d,0
64,e,0
65,a,0
66,b,0
67,c,0
68,d,0
69,e,0
70,a,0
71,b,0
72,c,0
73,d,0
74,e,0
75,a,0
76,b,0
77,c,0
78,d,0
79,e,0
80,a,0
81,b,0
82,c,0
83,d,0
84,e,0
85,a,0
86,b,0
87,c,0
88,d,0
89,e,0
90,a,0
91,b,0
92,c,0
93,d,0
94,e,0
95,a,0
96,b,0
97,c,0
98,d,0
99,e,0
100,a,0
101,b,0
102,c,0
103,d,0
104,e,0
105,a,0
106,b,0
107,c,0
108,d,0
109,e,0
110,a,0
111,b,0
112,c,0
113,d,0
114,e,0
115,a,0
116,b,0
117,c,0
118,d,0
119,e,0
120,a,0
121,b,0
122,c,0
123,d,0
124,e,0
125,a,0
126,b,0
127,c,0
128,d,0
129,e,0
130,a,0
131,b,0
132,c,0
133,d,0
134,e,0
135,a,0
136,b,0
137,c,0
138,d,0
139,e,0
140,a,0
141,b,0
142,c,0
143,d,0
144,e,0
145,a,0
146,b,0
147,c,0
148,d,0
149,e,0
150,a,0
151,b,0
152,c,0
153,d,0
154,e,0
155,a,0
156,b,0
157,c,0
158,d,0
159,e,0
160,a,0
161,b,0
162,c,0
163,d,0
164,e,0
165,a,0
166,b,0
167,c,0
168,d,0
169,e,0
170,a,0
171,b,0
172,c,0
173,d,0
174,e,0
175,a,0
176,b,0
177,c,0
178,d,0
179,e,0
180,a,0
181,b,0
182,c,0
183,d,0
184,e,0
185,a,0
186,b,0
187,c,0
188,d,0
189,e,0
190,a,0
191,b,0
192,c,0
193,d,0
194,e,0
195,a,0
196,b,0
197,c,0
198,d,0
199,e,0
200,a,0
201,b,0
202,c,0
203,d,0
204,e,0
205,a,0
206,b,0
207,c,0
208,d,0
209,e,0
210,a,0
211,b,0
212,c,0
213,d,0
214,e,0
215,a,0
216,b,0
217,c,0
218,d,0
219,e,0
220,a,0
221,b,0
222,c,0
223,d,0
224,e,0
225,a,0
226,b,0
227,c,0
228,d,0
229,e,0
230,a,0
231,b,0
232,c,0
233,d,0
234,e,0
235,a,0
236,b,0
237,c,0
238,d,0
239,e,0
240,a,0
241,b,0
242,c,0
243,d,0
244,e,0
245,a,0
246,b,0
247,c,0
248,d,0
249,e,0
250,a,0
251,b,0
252,c,0
253,d,0
254,e,0
255,a,0
256,b,0
257,c,0
258,d,0
259,e,0
260,a,0
261,b,0
262,c,0
263,d,0
264,e,0
265,a,0
266,b,0
267,c,0
268,d,0
269,e,0
270,a,0
271,b,0
272,c,0
273,d,0
274,e,0
275,a,0
276,b,0
277,c,0
278,d,0
279,e,0
280,a,0
281,b,0
282,c,0
283,d,0
284,e,0
285,a,0
286,b,0
287,c,0
288,d,0
289,e,0
290,a,0
291,b,0
292,c,0
293,d,0
294,e,0
295,a,0
296,b,0
297,c,0
298,d,0
299,e,0
300,a,0
301,b,0
302,c,0
303,d,0
304,e,0
305,a,0
306,b,0
307,c,0
308,d,0
309,e,0
310,a,0
311,b,0
312,c,0
313,d,0
314,e,0
315,a,0
316,b,0
317,c,0
318,d,0
319,e,0
320,a,0
321,b,0
322,c,0
323,d,0
324,e,0
325,a,0
326,b,0
327,c,0
328,d,0
329,e,0
330,a,0
331,b,0
332,c,0
333,d,0
334,e,0
335,a,0
336,b,0
337,c,0
338,d,0
339,e,0
340,a,0
341,b,0
342,c,0
343,d,0
344,e,0
345,a,0
346,b,0
347,c,0
348,d,0
349,e,0
350,a,0
351,b,0
352,c,0
353,d,0
354,e,0
355,a,0
356,b,0
357,c,0
358,d,0
359,e,0
360,a,0
361,b,0
362,c,0
363,d,0
364,e,0
365,a,0
366,b,0
367,c,0
368,d,0
369,e,0
370,a,0
371,b,0
372,c,0
373,d,0
374,e,0
375,a,0
376,b,0
377,c,0
378,d,0
379,e,0
380,a,0
381,b,0
382,c,0
383,d,0
384,e,0
385,a,0
386,b,0
387,c,0
388,d,0
389,e,0
390,a,0
391,b,0
392,c,0
393,d,0
394,e,0
395,a,0
396,b,0
397,c,0
398,d,0
399,e,0
400,a,0
401,b,0
402,c,0
403,d,0
404,e,0
405,a,0
406,b,0
407,c,0
408,d,0
409,e,0
410,a,0
411,b,0
412,c,0
413,d,0
414,e,0
415,a,0
416,b,0
417,c,0
418,d,0
419,e,0
420,a,0
421,b,0
422,c,0
423,d,0
424,e,0
425,a,0
426,b,0
427,c,0
428,d,0
429,e,0
430,a,0
431,b,0
432,c,0
433,d,0
434,e,0
435,a,0
436,b,0
437,c,0
438,d,0
439,e,0
440,a,0
441,b,0
442,c,0
443,d,0
444,e,0
445,a,0
446,b,0
447,c,0
448,d,0
449,e,0
450,a,0
451,b,0
452,c,0
453,d,0
454,e,0
455,a,0
456,b,0
457,c,0
458,d,0
459,e,0
460,a,0
461,b,0
462,c,0
463,d,0
464,e,0
465,a,0
466,b,0
467,c,0
468,d,0
469,e,0
470,a,0
471,b,0
472,c,0
473,d,0
474,e,0
475,a,0
476,b,0
477,c,0
478,d,0
479,e,0
480,a,0
481,b,0
482,c,0
483,d,0
484,e,0
485,a,0
486,b,0
487,c,0
488,d,0
489,e,0
490,a,0
491,b,0
492,c,0
493,d,0
494,e,0
495,a,0
496,b,0
497,c,0
498,d,0
499,e,0
500,a,0
501,b,0
502,c,0
503,d,0
504,e,0
505,a,0
506,b,0
507,c,0
508,d,0
509,e,0
510,a,0
511,b,0
512,c,0
513,d,0
514,e,0
515,a,0
516,b,0
517,c,0
518,d,0
519,e,0
520,a,0
521,b,0
522,c,0
523,d,0
524,e,0
525,a,0
526,b,0
527,c,0
528,d,0
529,e,0
530,a,0
531,b,0
532,c,0
533,d,0
534,e,0
535,a,0
536,b,0
537,c,0
538,d,0
539,e,0
540,a,0
541,b,0
542,c,0
543,d,0
544,e,0
545,a,0
546,b,0
547,c,0
548,d,0
549,e,0
550,a,0
551,b,0
552,c,0
553,d,0
554,e,0
555,a,0
556,b,0
557,c,0
558,d,0
559,e,0
560,a,0
561,b,0
562,c,0
563,d,0
564,e,0
565,a,0
566,b,0
567,c,0
568,d,0
569,e,0
570,a,0
571,b,0
572,c,0
573,d,0
574,e,0
575,a,0
576,b,0
577,c,0
578,d,0
579,e,0
580,a,0
581,b,0
582,c,0
583,d,0
584,e,0
585,a,0
586,b,0
587,c,0
588,d,0
589,e,0
590,a,0
591,b,0
592,c,0
593,d,0
594,e,0
595,a,0
596,b,0
597,c,0
598,d,0
599,e,0
600,a,0
601,b,0
602,c,0
603,d,0
604,e,0
605,a,0
606,b,0
607,c,0
608,d,0
609,e,0
610,a,0
611,b,0
612,c,0
613,d,0
614,e,0
615,a,0
616,b,0
617,c,0
618,d,0
619,e,0
620,a,0
621,b,0
622,c,0
623,d,0
624,e,0
625,a,0
626,b,0
627,c,0
628,d,0
629,e,0
630,a,0
631,b,0
632,c,0
633,d,0
634,e,0
635,a,0
636,b,0
637,c,0
638,d,0
639,e,0
640,a,0
641,b,0
642,c,0
643,d,0
644,e,0
645,a,0
646,b,0
647,c,0
648,d,0
649,e,0
650,a,0
651,b,0
652,c,0
653,d,0
654,e,0
655,a,0
656,b,0
657,c,0
658,d,0
659,e,0
660,a,0
661,b,0
662,c,0
663,d,0
664,e,0
665,a,0
666,b,0
667,c,0
668,d,0
669,e,0
670,a,0
671,b,0
672,c,0
673,d,0
674,e,0
675,a,0
676,b,0
677,c,0
678,d,0
679,e,0
680,a,0
681,b,0
682,c,0
683,d,0
684,e,0
685,a,0
686,b,0
687,c,0
688,d,0
689,e,0
690,a,0
691,b,0
692,c,0
693,d,0
694,e,0
695,a,0
696,b,0
697,c,0
698,d,0
699,e,0
700,a,0
701,b,0
702,c,0
703,d,0
704,e,0
705,a,0
706,b,0
707,c,0
708,d,0
709,e,0
710,a,0
711,b,0
712,c,0
713,d,0
714,e,0
715,a,0
716,b,0
717,c,0
718,d,0
719,e,0
720,a,0
721,b,0
722,c,0
723,d,0
724,e,0
725,a,0
726,b,0
727,c,0
728,d,0
729,e,0
730,a,0
731,b,0
732,c,0
733,d,0
734,e,0
735,a,0
736,b,0
737,c,0
738,d,0
739,e,0
740,a,0
741,b,0
742,c,0
743,d,0
744,e,0
745,a,0
746,b,0
747,c,0
748,d,0
749,e,0
750,a,0
751,b,0
752,c,0
753,d,0
754,e,0
755,a,0
756,b,0
757,c,0
758,d,0
759,e,0
760,a,0
761,b,0
762,c,0
763,d,0
764,e,0
765,a,0
766,b,0
767,c,0
768,d,0
769,e,0
770,a,0
771,b,0
772,c,0
773,d,0
774,e,0
775,a,0
776,b,0
777,c,0
778,d,0
779,e,0
780,a,0
781,b,0
782,c,0
783,d,0
784,e,0
785,a,0
786,b,0
787,c,0
788,d,0
789,e,0
790,a,0
791,b,0
792,c,0
793,d,0
794,e,0
795,a,0
796,b,0
797,c,0
798,d,0
799,e,0
800,a,0
801,b,0
802,c,0
803,d,0
804,e,0
805,a,0
806,b,0
807,c,0
808,d,0
809,e,0
810,a,0
811,b,0
812,c,0
813,d,0
814,e,0
815,a,0
816,b,0
817,c,0
818,d,0
819,e,0
820,a,0
821,b,0
822,c,0
823,d,0
824,e,0
825,a,0
826,b,0
827,c,0
828,d,0
829,e,0
830,a,0
831,b,0
832,c,0
833,d,0
834,e,0
835,a,0
836,b,0
837,c,0
838,d,0
839,e,0
840,a,0
841,b,0
842,c,0
843,d,0
844,e,0
845,a,0
846,b,0
847,c,0
848,d,0
849,e,0
850,a,0
851,b,0
852,c,0
853,d,0
854,e,0
855,a,0
856,b,0
857,c,0
858,d,0
859,e,0
860,a,0
861,b,0
862,c,0
863,d,0
864,e,0
865,a,0
866,b,0
867,c,0
868,d,0
869,e,0
870,a,0
871,b,0
872,c,0
873,d,0
874,e,0
875,a,0
876,b,0
877,c,0
878,d,0
879,e,0
880,a,0
881,b,0
882,c,0
883,d,0
884,e,0
885,a,0
886,b,0
887,c,0
888,d,0
889,e,0
890,a,0
891,b,0
892,c,0
893,d,0
894,e,0
895,a,0
896,b,0
897,c,0
898,d,0
899,e,0
900,a,0
901,b,0
902,c,0
903,d,0
904,e,0
905,a,0
906,b,0
907,c,0
908,d,0
909,e,0
910,a,0
911,b,0
912,c,0
913,d,0
914,e,0
915,a,0
916,b,0
917,c,0
918,d,0
919,e,0
920,a,0
921,b,0
922,c,0
923,d,0
924,e,0
925,a,0
926,b,0
927,c,0
928,d,0
929,e,0
930,a,0
931,b,0
932,c,0
933,d,0
934,e,0
935,a,0
936,b,0
937,c,0
938,d,0
939,e,0
940,a,0
941,b,0
942,c,0
943,d,0
944,e,0
945,a,0
946,b,0
947,c,0
948,d,0
949,e,0
950,a,0
951,b,0
952,c,0
953,d,0
954,e,0
955,a,0
956,b,0
957,c,0
958,d,0
959,e,0
960,a,0
961,b,0
962,c,0
963,d,0
964,e,0
965,a,0
966,b,0
967,c,0
968,d,0
969,e,0
970,a,0
971,b,0
972,c,0
973,d,0
974,e,0
975,a,0
976,b,0
977,c,0
978,d,0
979,e,0
980,a,0
981,b,0
982,c,0
983,d,0
984,e,0
985,a,0
986,b,0
987,c,0
988,d,0
989,e,0
990,a,0
991,b,0
992,c,0
993,d,0
994,e,0
995,a,0
996,b,0
997,c,0
998,d,0
999,e,0
1000,a,0
1001,b,0
1002,c,0
1003,d,0
1004,e,0
1005,a,0
1006,b,0
1007,c,0
1008,d,0
1009,e,0
1010,a,0
1011,b,0
1012,c,0
1013,d,0
1014,e,0
1015,a,0
1016,b,0
1017,c,0
1018,d,0
1019,e,0
1020,a,0
1021,b,0
1022,c,0
1023,d,0
1024,e,0
1025,a,0
1026,b,0
1027,c,0
1028,d,0
1029,e,0
1030,a,0
1031,b,0
1032,c,0
1033,d,0
1034,e,0
1035,a,0
1036,b,0
1037,c,0
1038,d,0
1039,e,0
1040,a,0
1041,b,0
1042,c,0
1043,d,0
1044,e,0
1045,a,0
1046,b,0
1047,c,0
1048,d,0
1049,e,0
1050,a,0
1051,b,0
1052,c,0
1053,d,0
1054,e,0
1055,a,0
1056,b,0
1057,c,0
1058,d,0
1059,e,0
1060,a,0
1061,b,0
1062,c,0
1063,d,0
1064,e,0
1065,a,0
1066,b,0
1067,c,0
1068,d,0
1069,e,0
1070,a,0
1071,b,0
1072,c,0
1073,d,0
1074,e,0
1075,a,0
1076,b,0
1077,c,0
1078,d,0
1079,e,0
1080,a,0
1081,b,0
1082,c,0
1083,d,0
1084,e,0
1085,a,0
1086,b,0
1087,c,0
1088,d,0
1089,e,0
1090,a,0
1091,b,0
1092,c,0
1093,d,0
1094,e,0
1095,a,0
1096,b,0
1097,c,0
1098,d,0
1099,e,0
1100,a,0
1101,b,0
1102,c,0
1103,d,0
1104,e,0
1105,a,0
1106,b,0
1107,c,0
1108,d,0
1109,e,0
1110,a,0
1111,b,0
1112,c,0
1113,d,0
1114,e,0
1115,a,0
1116,b,0
1117,c,0
1118,d,0
1119,e,0
1120,a,0
1121,b,0
1122,c,0
1123,d,0
1124,e,0
1125,a,0
1126,b,0
1127,c,0
1128,d,0
1129,e,0
1130,a,0
1131,b,0
1132,c,0
1133,d,0
1134,e,0
1135,a,0
1136,b,0
1137,c,0
1138,d,0
1139,e,0
1140,a,0
1141,b,0
1142,c,0
1143,d,0
1144,e,0
1145,a,0
1146,b,0
1147,c,0
1148,d,0
1149,e,0
1150,a,0
1151,b,0
1152,c,0
1153,d,0
1154,e,0
1155,a,0
1156,b,0
1157,c,0
1158,d,0
1159,e,0
1160,a,0
1161,b,0
1162,c,0
1163,d,0
1164,e,0
1165,a,0
1166,b,0
1167,c,0
1168,d,0
1169,e,0
1170,a,0
1171,b,0
1172,c,0
1173,d,0
1174,e,0
1175,a,0
1176,b,0
1177,c,0
1178,d,0
1179,e,0
1180,a,0
1181,b,0
1182,c,0
1183,d,0
1184,e,0
1185,a,0
1186,b,0
1187,c,0
1188,d,0
1189,e,0
1190,a,0
1191,b,0
1192,c,0
1193,d,0
1194,e,0
1195,a,0
1196,b,0
1197,c,0
1198,d,0
1199,e,0
1200,a,0
1201,b,0
1202,c,0
1203,d,0
1204,e,0
1205,a,0
1206,b,0
1207,c,0
1208,d,0
1209,e,0
1210,a,0
1211,b,0
1212,c,0
1213,d,0
1214,e,0
1215,a,0
1216,b,0
1217,c,0
1218,d,0
1219,e,0
1220,a,0
1221,b,0
1222,c,0
1223,d,0
1224,e,0
1225,a,0
1226,b,0
1227,c,0
1228,d,0
1229,e,0
1230,a,0
1231,b,0
1232,c,0
1233,d,0
1234,e,0
1235,a,0
1236,b,0
1237,c,0
1238,d,0
1239,e,0
1240,a,0
1241,b,0
1242,c,0
1243,d,0
1244,e,0
1245,a,0
1246,b,0
1247,c,0
1248,d,0
1249,e,0
1250,a,0
1251,b,0
1252,c,0
1253,d,0
1254,e,0
1255,a,0
1256,b,0
1257,c,0
1258,d,0
1259,e,0
1260,a,0
1261,b,0
1262,c,0
1263,d,0
1264,e,0
1265,a,0
1266,b,0
1267,c,0
1268,d,0
1269,e,0
1270,a,0
1271,b,0
1272,c,0
1273,d,0
1274,e,0
1275,a,0
1276,b,0
1277,c,0
1278,d,0
1279,e,0
1280,a,0
1281,b,0
1282,c,0
1283,d,0
1284,e,0
1285,a,0
1286,b,0
1287,c,0
1288,d,0
1289,e,0
1290,a,0
1291,b,0
1292,c,0
1293,d,0
1294,e,0
1295,a,0
1296,b,0
1297,c,0
1298,d,0
1299,e,0
1300,a,0
1301,b,0
1302,c,0
1303,d,0
1304,e,0
1305,a,0
1306,b,0
1307,c,0
1308,d,0
1309,e,0
1310,a,0
1311,b,0
1312,c,0
1313,d,0
1314,e,0
1315,a,0
1316,b,0
1317,c,0
1318,d,0
1319,e,0
1320,a,0
1321,b,0
1322,c,0
1323,d,0
1324,e,0
1325,a,0
1326,b,0
1327,c,0
1328,d,0
1329,e,0
1330,a,0
1331,b,0
1332,c,0
1333,d,0
1334,e,0
1335,a,0
1336,b,0
1337,c,0
1338,d,0
1339,e,0
1340,a,0
1341,b,0
1342,c,0
1343,d,0
1344,e,0
1345,a,0
1346,b,0
1347,c,0
1348,d,0
1349,e,0
1350,a,0
1351,b,0
1352,c,0
1353,d,0
1354,e,0
1355,a,0
1356,b,0
1357,c,0
1358,d,0
1359,e,0
1360,a,0
1361,b,0
1362,c,0
1363,d,0
1364,e,0
1365,a,0
1366,b,0
1367,c,0
1368,d,0
1369,e,0
1370,a,0
1371,b,0
1372,c,0
1373,d,0
1374,e,0
1375,a,0
1376,b,0
1377,c,0
1378,d,0
1379,e,0
1380,a,0
1381,b,0
1382,c,0
1383,d,0
1384,e,0
1385,a,0
1386,b,0
1387,c,0
1388,d,0
1389,e,0
1390,a,0
1391,b,0
1392,c,0
1393,d,0
1394,e,0
1395,a,0
1396,b,0
1397,c,0
1398,d,0
1399,e,0
1400,a,0
1401,b,0
1402,c,0
1403,d,0
1404,e,0
1405,a,0
1406,b,0
1407,c,0
1408,d,0
1409,e,0
1410,a,0
1411,b,0
1412,c,0
1413,d,0
1414,e,0
1415,a,0
1416,b,0
1417,c,0
1418,d,0
1419,e,0
1420,a,0
1421,b,0
1422,c,0
1423,d,0
1424,e,0
1425,a,0
1426,b,0
1427,c,0
1428,d,0
1429,e,0
1430,a,0
1431,b,0
1432,c,0
1433,d,0
1434,e,0
1435,a,0
1436,b,0
1437,c,0
1438,d,0
1439,e,0
1440,a,0
1441,b,0
1442,c,0
1443,d,0
1444,e,0
1445,a,0
1446,b,0
1447,c,0
1448,d,0
1449,e,0
1450,a,0
1451,b,0
1452,c,0
1453,d,0
1454,e,0
1455,a,0
1456,b,0
1457,c,0
1458,d,0
1459,e,0
1460,a,0
1461,b,0
1462,c,0
1463,d,0
1464,e,0
1465,a,0
1466,b,0
1467,c,0
1468,d,0
1469,e,0
1470,a,0
1471,b,0
1472,c,0
1473,d,0
1474,e,0
1475,a,0
1476,b,0
1477,c,0
1478,d,0
1479,e,0
1480,a,0
1481,b,0
1482,c,0
1483,d,0
1484,e,0
1485,a,0
1486,b,0
1487,c,0
1488,d,0
1489,e,0
1490,a,0
1491,b,0
1492,c,0
1493,d,0
1494,e,0
1495,a,0
1496,b,0
1497,c,0
1498,d,0
1499,e,0
1500,a,0
1501,b,0
1502,c,0
1503,d,0
1504,e,0
1505,a,0
1506,b,0
1507,c,0
1508,d,0
1509,e,0
1510,a,0
1511,b,0
1512,c,0
1513,d,0
1514,e,0
1515,a,0
1516,b,0
1517,c,0
1518,d,0
1519,e,0
1520,a,0
1521,b,0
1522,c,0
1523,d,0
1524,e,0
1525,a,0
1526,b,0
1527,c,0
1528,d,0
1529,e,0
1530,a,0
1531,b,0
1532,c,0
1533,d,0
1534,e,0
1535,a,0
1536,b,0
1537,c,0
1538,d,0
1539,e,0
1540,a,0
1541,b,0
1542,c,0
1543,d,0
1544,e,0
1545,a,0
1546,b,0
1547,c,0
1548,d,0
1549,e,0
1550,a,0
1551,b,0
1552,c,0
1553,d,0
1554,e,0
1555,a,0
1556,b,0
1557,c,0
1558,d,0
1559,e,0
1560,a,0
1561,b,0
1562,c,0
1563,d,0
1564,e,0
1565,a,0
1566,b,0
1567,c,0
1568,d,0
1569,e,0
1570,a,0
1571,b,0
1572,c,0
1573,d,0
1574,e,0
1575,a,0
1576,b,0
1577,c,0
1578,d,0
1579,e,0
1580,a,0
1581,b,0
1582,c,0
1583,d,0
1584,e,0
1585,a,0
1586,b,0
1587,c,0
1588,d,0
1589,e,0
1590,a,0
1591,b,0
1592,c,0
1593,d,0
1594,e,0
1595,a,0
1596,b,0
1597,c,0
1598,d,0
1599,e,0
1600,a,0
1601,b,0
1602,c,0
1603,d,0
1604,e,0
1605,a,0
1606,b,0
1607,c,0
1608,d,0
1609,e,0
1610,a,0
1611,b,0
1612,c,0
1613,d,0
1614,e,0
1615,a,0
1616,b,0
1617,c,0
1618,d,0
1619,e,0
1620,a,0
1621,b,0
1622,c,0
1623,d,0
1624,e,0
1625,a,0
1626,b,0
1627,c,0
1628,d,0
1629,e,0
1630,a,0
1631,b,0
1632,c,0
1633,d,0
1634,e,0
1635,a,0
1636,b,0
1637,c,0
1638,d,0
1639,e,0
1640,a,0
1641,b,0
1642,c,0
1643,d,0
1644,e,0
1645,a,0
1646,b,0
1647,c,0
1648,d,0
1649,e,0
1650,a,0
1651,b,0
1652,c,0
1653,d,0
1654,e,0
1655,a,0
1656,b,0
1657,c,0
1658,d,0
1659,e,0
1660,a,0
1661,b,0
1662,c,0
1663,d,0
1664,e,0
1665,a,0
1666,b,0
1667,c,0
1668,d,0
1669,e,0
1670,a,0
1671,b,0
1672,c,0
1673,d,0
1674,e,0
1675,a,0
1676,b,0
1677,c,0
1678,d,0
1679,e,0
1680,a,0
1681,b,0
1682,c,0
1683,d,0
1684,e,0
1685,a,0
1686,b,0
1687,c,0
1688,d,0
1689,e,0
1690,a,0
1691,b,0
1692,c,0
1693,d,0
1694,e,0
1695,a,0
1696,b,0
1697,c,0
1698,d,0
1699,e,0
1700,a,0
1701,b,0
1702,c,0
1703,d,0
1704,e,0
1705,a,0
1706,b,0
1707,c,0
1708,d,0
1709,e,0
1710,a,0
1711,b,0
1712,c,0
1713,d,0
1714,e,0
1715,a,0
1716,b,0
1717,c,0
1718,d,0
1719,e,0
1720,a,0
1721,b,0
1722,c,0
1723,d,0
1724,e,0
1725,a,0
1726,b,0
1727,c,0
1728,d,0
1729,e,0
1730,a,0
1731,b,0
1732,c,0
1733,d,0
1734,e,0
1735,a,0
1736,b,0
1737,c,0
1738,d,0
1739,e,0
1740,a,0
1741,b,0
1742,c,0
1743,d,0
1744,e,0
1745,a,0
1746,b,0
1747,c,0
1748,d,0
1749,e,0
1750,a,0
1751,b,0
1752,c,0
1753,d,0
1754,e,0
1755,a,0
1756,b,0
1757,c,0
1758,d,0
1759,e,0
1760,a,0
1761,b,0
1762,c,0
1763,d,0
1764,e,0
1765,a,0
1766,b,0
1767,c,0
1768,d,0
1769,e,0
1770,a,0
1771,b,0
1772,c,0
1773,d,0
1774,e,0
1775,a,0
1776,b,0
1777,c,0
1778,d,0
1779,e,0
1780,a,0
1781,b,0
1782,c,0
1783,d,0
1784,e,0
1785,a,0
1786,b,0
1787,c,0
1788,d,0
1789,e,0
1790,a,0
1791,b,0
1792,c,0
1793,d,0
1794,e,0
1795,a,0
1796,b,0
1797,c,0
1798,d,0
1799,e,0
1800,a,0
1801,b,0
1802,c,0
1803,d,0
1804,e,0
1805,a,0
1806,b,0
1807,c,0
1808,d,0
1809,e,0
1810,a,0
1811,b,0
1812,c,0
1813,d,0
1814,e,0
1815,a,0
1816,b,0
1817,c,0
1818,d,0
1819,e,0
1820,a,0
1821,b,0
1822,c,0
1823,d,0
1824,e,0
1825,a,0
1826,b,0
1827,c,0
1828,d,0
1829,e,0
1830,a,0
1831,b,0
1832,c,0
1833,d,0
1834,e,0
1835,a,0
1836,b,0
1837,c,0
1838,d,0
1839,e,0
1840,a,0
1841,b,0
1842,c,0
1843,d,0
1844,e,0
1845,a,0
1846,b,0
1847,c,0
1848,d,0
1849,e,0
1850,a,0
1851,b,0
1852,c,0
1853,d,0
1854,e,0
1855,a,0
1856,b,0
1857,c,0
1858,d,0
1859,e,0
1860,a,0
1861,b,0
1862,c,0
1863,d,0
1864,e,0
1865,a,0
1866,b,0
1867,c,0
1868,d,0
1869,e,0
1870,a,0
1871,b,0
1872,c,0
1873,d,0
1874,e,0
1875,a,0
1876,b,0
1877,c,0
1878,d,0
1879,e,0
1880,a,0
1881,b,0
1882,c,0
1883,d,0
1884,e,0
1885,a,0
1886,b,0
1887,c,0
1888,d,0
1889,e,0
1890,a,0
1891,b,0
1892,c,0
1893,d,0
1894,e,0
1895,a,0
1896,b,0
1897,c,0
1898,d,0
1899,e,0
1900,a,0
1901,b,0
1902,c,0
1903,d,0
1904,e,0
1905,a,0
1906,b,0
1907,c,0
1908,d,0
1909,e,0
1910,a,0
1911,b,0
1912,c,0
1913,d,0
1914,e,0
1915,a,0
1916,b,0
1917,c,0
1918,d,0
1919,e,0
1920,a,0
1921,b,0
1922,c,0
1923,d,0
1924,e,0
1925,a,0
1926,b,0
1927,c,0
1928,d,0
1929,e,0
1930,a,0
1931,b,0
1932,c,0
1933,d,0
1934,e,0
1935,a,0
1936,b,0
1937,c,0
1938,d,0
1939,e,0
1940,a,0
1941,b,0
1942,c,0
1943,d,0
1944,e,0
1945,a,0
1946,b,0
1947,c,0
1948,d,0
1949,e,0
1950,a,0
1951,b,0
1952,c,0
1953,d,0
1954,e,0
1955,a,0
1956,b,0
1957,c,0
1958,d,0
1959,e,0
1960,a,0
1961,b,0
1962,c,0
1963,d,0
1964,e,0
1965,a,0
1966,b,0
1967,c,0
1968,d,0
1969,e,0
1970,a,0
1971,b,0
1972,c,0
1973,d,0
1974,e,0
1975,a,0
1976,b,0
1977,c,0
1978,d,0
1979,e,0
1980,a,0
1981,b,0
1982,c,0
1983,d,0
1984,e,0
1985,a,0
1986,b,0
1987,c,0
1988,d,0
1989,e,0
1990,a,0
1991,b,0
1992,c,0
1993,d,0
1994,e,0
1995,a,0
1996,b,0
1997,c,0
1998,d,0
1999,e,0
2000,a,0
2001,b,0
2002,c,0
2003,d,0
2004,e,0
2005,a,0
2006,b,0
2007,c,0
2008,d,0
2009,e,0
2010,a,0
2011,b,0
2012,c,0
2013,d,0
2014,e,0
2015,a,0
2016,b,0
2017,c,0
2018,d,0
2019,e,0
2020,a,0
2021,b,0
2022,c,0
2023,d,0
2024,e,0
2025,a,0
2026,b,0
2027,c,0
2028,d,0
2029,e,0
2030,a,0
2031,b,0
2032,c,0
2033,d,0
2034,e,0
2035,a,0
2036,b,0
2037,c,0
2038,d,0
2039,e,0
2040,a,0
2041,b,0
2042,c,0
2043,d,0
2044,e,0
2045,a,0
2046,b,0
2047,c,0
2048,d,0
2049,e,0
2050,a,0
2051,b,0
2052,c,0
2053,d,0
2054,e,0
2055,a,0
2056,b,0
2057,c,0
2058,d,0
2059,e,0
2060,a,0
2061,b,0
2062,c,0
2063,d,0
2064,e,0
2065,a,0
2066,b,0
2067,c,0
2068,d,0
2069,e,0
2070,a,0
2071,b,0
2072,c,0
2073,d,0
2074,e,0
2075,a,0
2076,b,0
2077,c,0
2078,d,0
2079,e,0
2080,a,0
2081,b,0
2082,c,0
2083,d,0
2084,e,0
2085,a,0
2086,b,0
2087,c,0
2088,d,0
2089,e,0
2090,a,0
2091,b,0
2092,c,0
2093,d,0
2094,e,0
2095,a,0
2096,b,0
2097,c,0
2098,d,0
2099,e,0
2100,a,0
2101,b,0
2102,c,0
2103,d,0
2104,e,0
2105,a,0
2106,b,0
2107,c,0
2108,d,0
2109,e,0
2110,a,0
2111,b,0
2112,c,0
2113,d,0
2114,e,0
2115,a,0
2116,b,0
2117,c,0
2118,d,0
2119,e,0
2120,a,0
2121,b,0
2122,c,0
2123,d,0
2124,e,0
2125,a,0
2126,b,0
2127,c,0
2128,d,0
2129,e,0
2130,a,0
2131,b,0
2132,c,0
2133,d,0
2134,e,0
2135,a,0
2136,b,0
2137,c,0
2138,d,0
2139,e,0
2140,a,0
2141,b,0
2142,c,0
2143,d,0
2144,e,0
2145,a,0
2146,b,0
2147,c,0
2148,d,0
2149,e,0
2150,a,0
2151,b,0
2152,c,0
2153,d,0
2154,e,0
2155,a,0
2156,b,0
2157,c,0
2158,d,0
2159,e,0
2160,a,0
2161,b,0
2162,c,0
2163,d,0
2164,e,0
2165,a,0
2166,b,0
2167,c,0
2168,d,0
2169,e,0
2170,a,0
2171,b,0
2172,c,0
2173,d,0
2174,e,0
2175,a,0
2176,b,0
2177,c,0
2178,d,0
2179,e,0
2180,a,0
2181,b,0
2182,c,0
2183,d,0
2184,e,0
2185,a,0
2186,b,0
2187,c,0
2188,d,0
2189,e,0
2190,a,0
2191,b,0
2192,c,0
2193,d,0
2194,e,0
2195,a,0
2196,b,0
2197,c,0
2198,d,0
2199,e,0
2200,a,0
2201,b,0
2202,c,0
2203,d,0
2204,e,0
2205,a,0
2206,b,0
2207,c,0
2208,d,0
2209,e,0
2210,a,0
2211,b,0
2212,c,0
2213,d,0
2214,e,0
2215,a,0
2216,b,0
2217,c,0
2218,d,0
2219,e,0
2220,a,0
2221,b,0
2222,c,0
2223,d,0
2224,e,0
2225,a,0
2226,b,0
2227,c,0
2228,d,0
2229,e,0
2230,a,0
2231,b,0
2232,c,0
2233,d,0
2234,e,0
2235,a,0
2236,b,0
2237,c,0
2238,d,0
2239,e,0
2240,a,0
2241,b,0
2242,c,0
2243,d,0
2244,e,0
2245,a,0
2246,b,0
2247,c,0
2248,d,0
2249,e,0
2250,a,0
2251,b,0
2252,c,0
2253,d,0
2254,e,0
2255,a,0
2256,b,0
2257,c,0
2258,d,0
2259,e,0
2260,a,0
2261,b,0
2262,c,0
2263,d,0
2264,e,0
2265,a,0
2266,b,0
2267,c,0
2268,d,0
2269,e,0
2270,a,0
2271,b,0
2272,c,0
2273,d,0
2274,e,0
2275,a,0
2276,b,0
2277,c,0
2278,d,0
2279,e,0
2280,a,0
2281,b,0
2282,c,0
2283,d,0
2284,e,0
2285,a,0
2286,b,0
2287,c,0
2288,d,0
2289,e,0
2290,a,0
2291,b,0
2292,c,0
2293,d,0
2294,e,0
2295,a,0
2296,b,0
2297,c,0
2298,d,0
2299,e,0
2300,a,0
2301,b,0
2302,c,0
2303,d,0
2304,e,0
2305,a,0
2306,b,0
2307,c,0
2308,d,0
2309,e,0
2310,a,0
2311,b,0
2312,c,0
2313,d,0
2314,e,0
2315,a,0
2316,b,0
2317,c,0
2318,d,0
2319,e,0
2320,a,0
2321,b,0
2322,c,0
2323,d,0
2324,e,0
2325,a,0
2326,b,0
2327,c,0
2328,d,0
2329,e,0
2330,a,0
2331,b,0
2332,c,0
2333,d,0
2334,e,0
2335,a,0
2336,b,0
2337,c,0
2338,d,0
2339,e,0
2340,a,0
2341,b,0
2342,c,0
2343,d,0
2344,e,0
2345,a,0
2346,b,0
2347,c,0
2348,d,0
2349,e,0
2350,a,0
2351,b,0
2352,c,0
2353,d,0
2354,e,0
2355,a,0
2356,b,0
2357,c,0
2358,d,0
2359,e,0
2360,a,0
2361,b,0
2362,c,0
2363,d,0
2364,e,0
2365,a,0
2366,b,0
2367,c,0
2368,d,0
2369,e,0
2370,a,0
2371,b,0
2372,c,0
2373,d,0
2374,e,0
2375,a,0
2376,b,0
2377,c,0
2378,d,0
2379,e,0
2380,a,0
2381,b,0
2382,c,0
2383,d,0
2384,e,0
2385,a,0
2386,b,0
2387,c,0
2388,d,0
2389,e,0
2390,a,0
2391,b,0
2392,c,0
2393,d,0
2394,e,0
2395,a,0
2396,b,0
2397,c,0
2398,d,0
2399,e,0
2400,a,0
2401,b,0
2402,c,0
2403,d,0
2404,e,0
2405,a,0
2406,b,0
2407,c,0
2408,d,0
2409,e,0
2410,a,0
2411,b,0
2412,c,0
2413,d,0
2414,e,0
2415,a,0
2416,b,0
2417,c,0
2418,d,0
2419,e,0
2420,a,0
2421,b,0
2422,c,0
2423,d,0
2424,e,0
2425,a,0
2426,b,0
2427,c,0
2428,d,0
2429,e,0
2430,a,0
2431,b,0
2432,c,0
2433,d,0
2434,e,0
2435,a,0
2436,b,0
2437,c,0
2438,d,0
2439,e,0
2440,a,0
2441,b,0
2442,c,0
2443,d,0
2444,e,0
2445,a,0
2446,b,0
2447,c,0
2448,d,0
2449,e,0
2450,a,0
2451,b,0
2452,c,0
2453,d,0
2454,e,0
2455,a,0
2456,b,0
2457,c,0
2458,d,0
2459,e,0
2460,a,0
2461,b,0
2462,c,0
2463,d,0
2464,e,0
2465,a,0
2466,b,0
2467,c,0
2468,d,0
2469,e,0
2470,a,0
2471,b,0
2472,c,0
2473,d,0
2474,e,0
2475,a,0
2476,b,0
2477,c,0
2478,d,0
2479,e,0
2480,a,0
2481,b,0
2482,c,0
2483,d,0
2484,e,0
2485,a,0
2486,b,0
2487,c,0
2488,d,0
2489,e,0
2490,a,0
2491,b,0
2492,c,0
2493,d,0
2494,e,0
2495,a,0
2496,b,0
2497,c,0
2498,d,0
2499,e,0
2500,a,0
2501,b,0
2502,c,0
2503,d,0
2504,e,0
2505,a,0
2506,b,0
2507,c,0
2508,d,0
2509,e,0
2510,a,0
2511,b,0
2512,c,0
2513,d,0
2514,e,0
2515,a,0
2516,b,0
2517,c,0
2518,d,0
2519,e,0
2520,a,0
2521,b,0
2522,c,0
2523,d,0
2524,e,0
2525,a,0
2526,b,0
2527,c,0
2528,d,0
2529,e,0
2530,a,0
2531,b,0
2532,c,0
2533,d,0
2534,e,0
2535,a,0
2536,b,0
2537,c,0
2538,d,0
2539,e,0
2540,a,0
2541,b,0
2542,c,0
2543,d,0
2544,e,0
2545,a,0
2546,b,0
2547,c,0
2548,d,0
2549,e,0
2550,a,0
2551,b,0
2552,c,0
2553,d,0
2554,e,0
2555,a,0
2556,b,0
2557,c,0
2558,d,0
2559,e,0
2560,a,0
2561,b,0
2562,c,0
2563,d,0
2564,e,0
2565,a,0
2566,b,0
2567,c,0
2568,d,0
2569,e,0
2570,a,0
2571,b,0
2572,c,0
2573,d,0
2574,e,0
2575,a,0
2576,b,0
2577,c,0
2578,d,0
2579,e,0
2580,a,0
2581,b,0
2582,c,0
2583,d,0
2584,e,0
2585,a,0
2586,b,0
2587,c,0
2588,d,0
2589,e,0
2590,a,0
2591,b,0
2592,c,0
2593,d,0
2594,e,0
2595,a,0
2596,b,0
2597,c,0
2598,d,0
2599,e,0
2600,a,0
2601,b,0
2602,c,0
2603,d,0
2604,e,0
2605,a,0
2606,b,0
2607,c,0
2608,d,0
2609,e,0
2610,a,0
2611,b,0
2612,c,0
2613,d,0
2614,e,0
2615,a,0
2616,b,0
2617,c,0
2618,d,0
2619,e,0
2620,a,0
2621,b,0
2622,c,0
2623,d,0
2624,e,0
2625,a,0
2626,b,0
2627,c,0
2628,d,0
2629,e,0
2630,a,0
2631,b,0
2632,c,0
2633,d,0
2634,e,0
2635,a,0
2636,b,0
2637,c,0
2638,d,0
2639,e,0
2640,a,0
2641,b,0
2642,c,0
2643,d,0
2644,e,0
2645,a,0
2646,b,0
2647,c,0
2648,d,0
2649,e,0
2650,a,0
2651,b,0
2652,c,0
2653,d,0
2654,e,0
2655,a,0
2656,b,0
2657,c,0
2658,d,0
2659,e,0
2660,a,0
2661,b,0
2662,c,0
2663,d,0
2664,e,0
2665,a,0
2666,b,0
2667,c,0
2668,d,0
2669,e,0
2670,a,0
2671,b,0
2672,c,0
2673,d,0
2674,e,0
2675,a,0
2676,b,0
2677,c,0
2678,d,0
2679,e,0
2680,a,0
2681,b,0
2682,c,0
2683,d,0
2684,e,0
2685,a,0
2686,b,0
2687,c,0
2688,d,0
2689,e,0
2690,a,0
2691,b,0
2692,c,0
2693,d,0
2694,e,0
2695,a,0
2696,b,0
2697,c,0
2698,d,0
2699,e,0
2700,a,0
2701,b,0
2702,c,0
2703,d,0
2704,e,0
2705,a,0
2706,b,0
2707,c,0
2708,d,0
2709,e,0
2710,a,0
2711,b,0
2712,c,0
2713,d,0
2714,e,0
2715,a,0
2716,b,0
2717,c,0
2718,d,0
2719,e,0
2720,a,0
2721,b,0
2722,c,0
2723,d,0
2724,e,0
2725,a,0
2726,b,0
2727,c,0
2728,d,0
2729,e,0
2730,a,0
2731,b,0
2732,c,0
2733,d,0
2734,e,0
2735,a,0
2736,b,0
2737,c,0
2738,d,0
2739,e,0
2740,a,0
2741,b,0
2742,c,0
2743,d,0
2744,e,0
2745,a,0
2746,b,0
2747,c,0
2748,d,0
2749,e,0
2750,a,0
2751,b,0
2752,c,0
2753,d,0
2754,e,0
2755,a,0
2756,b,0
2757,c,0
2758,d,0
2759,e,0
2760,a,0
2761,b,0
2762,c,0
2763,d,0
2764,e,0
2765,a,0
2766,b,0
2767,c,0
2768,d,0
2769,e,0
2770,a,0
2771,b,0
2772,c,0
2773,d,0
2774,e,0
2775,a,0
2776,b,0
2777,c,0
2778,d,0
2779,e,0
2780,a,0
2781,b,0
2782,c,0
2783,d,0
2784,e,0
2785,a,0
2786,b,0
2787,c,0
2788,d,0
2789,e,0
2790,a,0
2791,b,0
2792,c,0
2793,d,0
2794,e,0
2795,a,0
2796,b,0
2797,c,0
2798,d,0
2799,e,0
2800,a,0
2801,b,0
2802,c,0
2803,d,0
2804,e,0
2805,a,0
2806,b,0
2807,c,0
2808,d,0
2809,e,0
2810,a,0
2811,b,0
2812,c,0
2813,d,0
2814,e,0
2815,a,0
2816,b,0
2817,c,0
2818,d,0
2819,e,0
2820,a,0
2821,b,0
2822,c,0
2823,d,0
2824,e,0
2825,a,0
2826,b,0
2827,c,0
2828,d,0
2829,e,0
2830,a,0
2831,b,0
2832,c,0
2833,d,0
2834,e,0
2835,a,0
2836,b,0
2837,c,0
2838,d,0
2839,e,0
2840,a,0
2841,b,0
2842,c,0
2843,d,0
2844,e,0
2845,a,0
2846,b,0
2847,c,0
2848,d,0
2849,e,0
2850,a,0
2851,b,0
2852,c,0
2853,d,0
2854,e,0
2855,a,0
2856,b,0
2857,c,0
2858,d,0
2859,e,0
2860,a,0
2861,b,0
2862,c,0
2863,d,0
2864,e,0
2865,a,0
2866,b,0
2867,c,0
2868,d,0
2869,e,0
2870,a,0
2871,b,0
2872,c,0
2873,d,0
2874,e,0
2875,a,0
2876,b,0
2877,c,0
2878,d,0
2879,e,0
2880,a,0
2881,b,0
2882,c,0
2883,d,0
2884,e,0
2885,a,0
2886,b,0
2887,c,0
2888,d,0
2889,e,0
2890,a,0
2891,b,0
2892,c,0
2893,d,0
2894,e,0
2895,a,0
2896,b,0
2897,c,0
2898,d,0
2899,e,0
2900,a,0
2901,b,0
2902,c,0
2903,d,0
2904,e,0
2905,a,0
2906,b,0
2907,c,0
2908,d,0
2909,e,0
2910,a,0
2911,b,0
2912,c,0
2913,d,0
2914,e,0
2915,a,0
2916,b,0
2917,c,0
2918,d,0
2919,e,0
2920,a,0
2921,b,0
2922,c,0
2923,d,0
2924,e,0
2925,a,0
2926,b,0
2927,c,0
2928,d,0
2929,e,0
2930,a,0
2931,b,0
2932,c,0
2933,d,0
2934,e,0
2935,a,0
2936,b,0
2937,c,0
2938,d,0
2939,e,0
2940,a,0
2941,b,0
2942,c,0
2943,d,0
2944,e,0
2945,a,0
2946,b,0
2947,c,0
2948,d,0
2949,e,0
2950,a,0
2951,b,0
2952,c,0
2953,d,0
2954,e,0
2955,a,0
2956,b,0
2957,c,0
2958,d,0
2959,e,0
2960,a,0
2961,b,0
2962,c,0
2963,d,0
2964,e,0
2965,a,0
2966,b,0
2967,c,0
2968,d,0
2969,e,0
2970,a,0
2971,b,0
2972,c,0
2973,d,0
2974,e,0
2975,a,0
2976,b,0
2977,c,0
2978,d,0
2979,e,0
2980,a,0
2981,b,0
2982,c,0
2983,d,0
2984,e,0
2985,a,0
2986,b,0
2987,c,0
2988,d,0
2989,e,0
2990,a,0
2991,b,0
2992,c,0
2993,d,0
2994,e,0
2995,a,0
2996,b,0
2997,c,0
2998,d,0
2999,e,0
3000,a,0
3001,b,0
3002,c,0
3003,d,0
3004,e,0
3005,a,0
3006,b,0
3007,c,0
3008,d,0
3009,e,0
3010,a,0
3011,b,0
3012,c,0
3013,d,0
3014,e,0
3015,a,0
3016,b,0
3017,c,0
3018,d,0
3019,e,0
3020,a,0
3021,b,0
3022,c,0
3023,d,0
3024,e,0
3025,a,0
3026,b,0
3027,c,0
3028,d,0
3029,e,0
3030,a,0
3031,b,0
3032,c,0
3033,d,0
3034,e,0
3035,a,0
3036,b,0
3037,c,0
3038,d,0
3039,e,0
3040,a,0
3041,b,0
3042,c,0
3043,d,0
3044,e,0
3045,a,0
3046,b,0
3047,c,0
3048,d,0
3049,e,0
3050,a,0
3051,b,0
3052,c,0
3053,d,0
3054,e,0
3055,a,0
3056,b,0
3057,c,0
3058,d,0
3059,e,0
3060,a,0
3061,b,0
3062,c,0
3063,d,0
3064,e,0
3065,a,0
3066,b,0
3067,c,0
3068,d,0
3069,e,0
3070,a,0
3071,b,0
3072,c,0
3073,d,0
3074,e,0
3075,a,0
3076,b,0
3077,c,0
3078,d,0
3079,e,0
3080,a,0
3081,b,0
3082,c,0
3083,d,0
3084,e,0
3085,a,0
3086,b,0
3087,c,0
3088,d,0
3089,e,0
3090,a,0
3091,b,0
3092,c,0
3093,d,0
3094,e,0
3095,a,0
3096,b,0
3097,c,0
3098,d,0
3099,e,0
3100,a,0
3101,b,0
3102,c,0
3103,d,0
3104,e,0
3105,a,0
3106,b,0
3107,c,0
3108,d,0
3109,e,0
3110,a,0
3111,b,0
3112,c,0
3113,d,0
3114,e,0
3115,a,0
3116,b,0
3117,c,0
3118,d,0
3119,e,0
3120,a,0
3121,b,0
3122,c,0
3123,d,0
3124,e,0
3125,a,0
3126,b,0
3127,c,0
3128,d,0
3129,e,0
3130,a,0
3131,b,0
3132,c,0
3133,d,0
3134,e,0
3135,a,0
3136,b,0
3137,c,0
3138,d,0
3139,e,0
3140,a,0
3141,b,0
3142,c,0
3143,d,0
3144,e,0
3145,a,0
3146,b,0
3147,c,0
3148,d,0
3149,e,0
3150,a,0
3151,b,0
3152,c,0
3153,d,0
3154,e,0
3155,a,0
3156,b,0
3157,c,0
3158,d,0
3159,e,0
3160,a,0
3161,b,0
3162,c,0
3163,d,0
3164,e,0
3165,a,0
3166,b,0
3167,c,0
3168,d,0
3169,e,0
3170,a,0
3171,b,0
3172,c,0
3173,d,0
3174,e,0
3175,a,0
3176,b,0
3177,c,0
3178,d,0
3179,e,0
3180,a,0
3181,b,0
3182,c,0
3183,d,0
3184,e,0
3185,a,0
3186,b,0
3187,c,0
3188,d,0
3189,e,0
3190,a,0
3191,b,0
3192,c,0
3193,d,0
3194,e,0
3195,a,0
3196,b,0
3197,c,0
3198,d,0
3199,e,0
3200,a,0
3201,b,0
3202,c,0
3203,d,0
3204,e,0
3205,a,0
3206,b,0
3207,c,0
3208,d,0
3209,e,0
3210,a,0
3211,b,0
3212,c,0
3213,d,0
3214,e,0
3215,a,0
3216,b,0
3217,c,0
3218,d,0
3219,e,0
3220,a,0
3221,b,0
3222,c,0
3223,d,0
3224,e,0
3225,a,0
3226,b,0
3227,c,0
3228,d,0
3229,e,0
3230,a,0
3231,b,0
3232,c,0
3233,d,0
3234,e,0
3235,a,0
3236,b,0
3237,c,0
3238,d,0
3239,e,0
3240,a,0
3241,b,0
3242,c,0
3243,d,0
3244,e,0
3245,a,0
3246,b,0
3247,c,0
3248,d,0
3249,e,0
3250,a,0
3251,b,0
3252,c,0
3253,d,0
3254,e,0
3255,a,0
3256,b,0
3257,c,0
3258,d,0
3259,e,0
3260,a,0
3261,b,0
3262,c,0
3263,d,0
3264,e,0
3265,a,0
3266,b,0
3267,c,0
3268,d,0
3269,e,0
3270,a,0
3271,b,0
3272,c,0
3273,d,0
3274,e,0
3275,a,0
3276,b,0
3277,c,0
3278,d,0
3279,e,0
3280,a,0
3281,b,0
3282,c,0
3283,d,0
3284,e,0
3285,a,0
3286,b,0
3287,c,0
3288,d,0
3289,e,0
3290,a,0
3291,b,0
3292,c,0
3293,d,0
3294,e,0
3295,a,0
3296,b,0
3297,c,0
3298,d,0
3299,e,0
3300,a,0
3301,b,0
3302,c,0
3303,d,0
3304,e,0
3305,a,0
3306,b,0
3307,c,0
3308,d,0
3309,e,0
3310,a,0
3311,b,0
3312,c,0
3313,d,0
3314,e,0
3315,a,0
3316,b,0
3317,c,0
3318,d,0
3319,e,0
3320,a,0
3321,b,0
3322,c,0
3323,d,0
3324,e,0
3325,a,0
3326,b,0
3327,c,0
3328,d,0
3329,e,0
3330,a,0
3331,b,0
3332,c,0
3333,d,0
3334,e,0
3335,a,0
3336,b,0
3337,c,0
3338,d,0
3339,e,0
3340,a,0
3341,b,0
3342,c,0
3343,d,0
3344,e,0
3345,a,0
3346,b,0
3347,c,0
3348,d,0
3349,e,0
3350,a,0
3351,b,0
3352,c,0
3353,d,0
3354,e,0
3355,a,0
3356,b,0
3357,c,0
3358,d,0
3359,e,0
3360,a,0
3361,b,0
3362,c,0
3363,d,0
3364,e,0
3365,a,0
3366,b,0
3367,c,0
3368,d,0
3369,e,0
3370,a,0
3371,b,0
3372,c,0
3373,d,0
3374,e,0
3375,a,0
3376,b,0
3377,c,0
3378,d,0
3379,e,0
3380,a,0
3381,b,0
3382,c,0
3383,d,0
3384,e,0
3385,a,0
3386,b,0
3387,c,0
3388,d,0
3389,e,0
3390,a,0
3391,b,0
3392,c,0
3393,d,0
3394,e,0
3395,a,0
3396,b,0
3397,c,0
3398,d,0
3399,e,0
3400,a,0
3401,b,0
3402,c,0
3403,d,0
3404,e,0
3405,a,0
3406,b,0
3407,c,0
3408,d,0
3409,e,0
3410,a,0
3411,b,0
3412,c,0
3413,d,0
3414,e,0
3415,a,0
3416,b,0
3417,c,0
3418,d,0
3419,e,0
3420,a,0
3421,b,0
3422,c,0
3423,d,0
3424,e,0
3425,a,0
3426,b,0
3427,c,0
3428,d,0
3429,e,0
3430,a,0
3431,b,0
3432,c,0
3433,d,0
3434,e,0
3435,a,0
3436,b,0
3437,c,0
3438,d,0
3439,e,0
3440,a,0
3441,b,0
3442,c,0
3443,d,0
3444,e,0
3445,a,0
3446,b,0
3447,c,0
3448,d,0
3449,e,0
3450,a,0
3451,b,0
3452,c,0
3453,d,0
3454,e,0
3455,a,0
3456,b,0
3457,c,0
3458,d,0
3459,e,0
3460,a,0
3461,b,0
3462,c,0
3463,d,0
3464,e,0
3465,a,0
3466,b,0
3467,c,0
3468,d,0
3469,e,0
3470,a,0
3471,b,0
3472,c,0
3473,d,0
3474,e,0
3475,a,0
3476,b,0
3477,c,0
3478,d,0
3479,e,0
3480,a,0
3481,b,0
3482,c,0
3483,d,0
3484,e,0
3485,a,0
3486,b,0
3487,c,0
3488,d,0
3489,e,0
3490,a,0
3491,b,0
3492,c,0
3493,d,0
3494,e,0
3495,a,0
3496,b,0
3497,c,0
3498,d,0
3499,e,0
3500,a,0
3501,b,0
3502,c,0
3503,d,0
3504,e,0
3505,a,0
3506,b,0
3507,c,0
3508,d,0
3509,e,0
3510,a,0
3511,b,0
3512,c,0
3513,d,0
3514,e,0
3515,a,0
3516,b,0
3517,c,0
3518,d,0
3519,e,0
3520,a,0
3521,b,0
3522,c,0
3523,d,0
3524,e,0
3525,a,0
3526,b,0
3527,c,0
3528,d,0
3529,e,0
3530,a,0
3531,b,0
3532,c,0
3533,d,0
3534,e,0
3535,a,0
3536,b,0
3537,c,0
3538,d,0
3539,e,0
3540,a,0
3541,b,0
3542,c,0
3543,d,0
3544,e,0
3545,a,0
3546,b,0
3547,c,0
3548,d,0
3549,e,0
3550,a,0
3551,b,0
3552,c,0
3553,d,0
3554,e,0
3555,a,0
3556,b,0
3557,c,0
3558,d,0
3559,e,0
3560,a,0
3561,b,0
3562,c,0
3563,d,0
3564,e,0
3565,a,0
3566,b,0
3567,c,0
3568,d,0
3569,e,0
3570,a,0
3571,b,0
3572,c,0
3573,d,0
3574,e,0
3575,a,0
3576,b,0
3577,c,0
3578,d,0
3579,e,0
3580,a,0
3581,b,0
3582,c,0
3583,d,0
3584,e,0
3585,a,0
3586,b,0
3587,c,0
3588,d,0
3589,e,0
3590,a,0
3591,b,0
3592,c,0
3593,d,0
3594,e,0
3595,a,0
3596,b,0
3597,c,0
3598,d,0
3599,e,0
3600,a,0
3601,b,0
3602,c,0
3603,d,0
3604,e,0
3605,a,0
3606,b,0
3607,c,0
3608,d,0
3609,e,0
3610,a,0
3611,b,0
3612,c,0
3613,d,0
3614,e,0
3615,a,0
3616,b,0
3617,c,0
3618,d,0
3619,e,0
3620,a,0
3621,b,0
3622,c,0
3623,d,0
3624,e,0
3625,a,0
3626,b,0
3627,c,0
3628,d,0
3629,e,0
3630,a,0
3631,b,0
3632,c,0
3633,d,0
3634,e,0
3635,a,0
3636,b,0
3637,c,0
3638,d,0
3639,e,0
3640,a,0
3641,b,0
3642,c,0
3643,d,0
3644,e,0
3645,a,0
3646,b,0
3647,c,0
3648,d,0
3649,e,0
3650,a,0
3651,b,0
3652,c,0
3653,d,0
3654,e,0
3655,a,0
3656,b,0
3657,c,0
3658,d,0
3659,e,0
3660,a,0
3661,b,0
3662,c,0
3663,d,0
3664,e,0
3665,a,0
3666,b,0
3667,c,0
3668,d,0
3669,e,0
3670,a,0
3671,b,0
3672,c,0
3673,d,0
3674,e,0
3675,a,0
3676,b,0
3677,c,0
3678,d,0
3679,e,0
3680,a,0
3681,b,0
3682,c,0
3683,d,0
3684,e,0
3685,a,0
3686,b,0
3687,c,0
3688,d,0
3689,e,0
3690,a,0
3691,b,0
3692,c,0
3693,d,0
3694,e,0
3695,a,0
3696,b,0
3697,c,0
3698,d,0
3699,e,0
3700,a,0
3701,b,0
3702,c,0
3703,d,0
3704,e,0
3705,a,0
3706,b,0
3707,c,0
3708,d,0
3709,e,0
3710,a,0
3711,b,0
3712,c,0
3713,d,0
3714,e,0
3715,a,0
3716,b,0
3717,c,0
3718,d,0
3719,e,0
3720,a,0
3721,b,0
3722,c,0
3723,d,0
3724,e,0
3725,a,0
3726,b,0
3727,c,0
3728,d,0
3729,e,0
3730,a,0
3731,b,0
3732,c,0
3733,d,0
3734,e,0
3735,a,0
3736,b,0
3737,c,0
3738,d,0
3739,e,0
3740,a,0
3741,b,0
3742,c,0
3743,d,0
3744,e,0
3745,a,0
3746,b,0
3747,c,0
3748,d,0
3749,e,0
3750,a,0
3751,b,0
3752,c,0
3753,d,0
3754,e,0
3755,a,0
3756,b,0
3757,c,0
3758,d,0
3759,e,0
3760,a,0
3761,b,0
3762,c,0
3763,d,0
3764,e,0
3765,a,0
3766,b,0
3767,c,0
3768,d,0
3769,e,0
3770,a,0
3771,b,0
3772,c,0
3773,d,0
3774,e,0
3775,a,0
3776,b,0
3777,c,0
3778,d,0
3779,e,0
3780,a,0
3781,b,0
3782,c,0
3783,d,0
3784,e,0
3785,a,0
3786,b,0
3787,c,0
3788,d,0
3789,e,0
3790,a,0
3791,b,0
3792,c,0
3793,d,0
3794,e,0
3795,a,0
3796,b,0
3797,c,0
3798,d,0
3799,e,0
3800,a,0
3801,b,0
3802,c,0
3803,d,0
3804,e,0
3805,a,0
3806,b,0
3807,c,0
3808,d,0
3809,e,0
3810,a,0
3811,b,0
3812,c,0
3813,d,0
3814,e,0
3815,a,0
3816,b,0
3817,c,0
3818,d,0
3819,e,0
3820,a,0
3821,b,0
3822,c,0
3823,d,0
3824,e,0
3825,a,0
3826,b,0
3827,c,0
3828,d,0
3829,e,0
3830,a,0
3831,b,0
3832,c,0
3833,d,0
3834,e,0
3835,a,0
3836,b,0
3837,c,0
3838,d,0
3839,e,0
3840,a,0
3841,b,0
3842,c,0
3843,d,0
3844,e,0
3845,a,0
3846,b,0
3847,c,0
3848,d,0
3849,e,0
3850,a,0
3851,b,0
3852,c,0
3853,d,0
3854,e,0
3855,a,0
3856,b,0
3857,c,0
3858,d,0
3859,e,0
3860,a,0
3861,b,0
3862,c,0
3863,d,0
3864,e,0
3865,a,0
3866,b,0
3867,c,0
3868,d,0
3869,e,0
3870,a,0
3871,b,0
3872,c,0
3873,d,0
3874,e,0
3875,a,0
3876,b,0
3877,c,0
3878,d,0
3879,e,0
3880,a,0
3881,b,0
3882,c,0
3883,d,0
3884,e,0
3885,a,0
3886,b,0
3887,c,0
3888,d,0
3889,e,0
3890,a,0
3891,b,0
3892,c,0
3893,d,0
3894,e,0
3895,a,0
3896,b,0
3897,c,0
3898,d,0
3899,e,0
3900,a,0
3901,b,0
3902,c,0
3903,d,0
3904,e,0
3905,a,0
3906,b,0
3907,c,0
3908,d,0
3909,e,0
3910,a,0
3911,b,0
3912,c,0
3913,d,0
3914,e,0
3915,a,0
3916,b,0
3917,c,0
3918,d,0
3919,e,0
3920,a,0
3921,b,0
3922,c,0
3923,d,0
3924,e,0
3925,a,0
3926,b,0
3927,c,0
3928,d,0
3929,e,0
3930,a,0
3931,b,0
3932,c,0
3933,d,0
3934,e,0
3935,a,0
3936,b,0
3937,c,0
3938,d,0
3939,e,0
3940,a,0
3941,b,0
3942,c,0
3943,d,0
3944,e,0
3945,a,0
3946,b,0
3947,c,0
3948,d,0
3949,e,0
3950,a,0
3951,b,0
3952,c,0
3953,d,0
3954,e,0
3955,a,0
3956,b,0
3957,c,0
3958,d,0
3959,e,0
3960,a,0
3961,b,0
3962,c,0
3963,d,0
3964,e,0
3965,a,0
3966,b,0
3967,c,0
3968,d,0
3969,e,0
3970,a,0
3971,b,0
3972,c,0
3973,d,0
3974,e,0
3975,a,0
3976,b,0
3977,c,0
3978,d,0
3979,e,0
3980,a,0
3981,b,0
3982,c,0
3983,d,0
3984,e,0
3985,a,0
3986,b,0
3987,c,0
3988,d,0
3989,e,0
3990,a,0
3991,b,0
3992,c,0
3993,d,0
3994,e,0
3995,a,0
3996,b,0
3997,c,0
3998,d,0
3999,e,0
4000,a,0
4001,b,0
4002,c,0
4003,d,0
4004,e,0
4005,a,0
4006,b,0
4007,c,0
4008,d,0
4009,e,0
4010,a,0
4011,b,0
4012,c,0
4013,d,0
4014,e,0
4015,a,0
4016,b,0
4017,c,0
4018,d,0
4019,e,0
4020,a,0
4021,b,0
4022,c,0
4023,d,0
4024,e,0
4025,a,0
4026,b,0
4027,c,0
4028,d,0
4029,e,0
4030,a,0
4031,b,0
4032,c,0
4033,d,0
4034,e,0
4035,a,0
4036,b,0
4037,c,0
4038,d,0
4039,e,0
4040,a,0
4041,b,0
4042,c,0
4043,d,0
4044,e,0
4045,a,0
4046,b,0
4047,c,0
4048,d,0
4049,e,0
4050,a,0
4051,b,0
4052,c,0
4053,d,0
4054,e,0
4055,a,0
4056,b,0
4057,c,0
4058,d,0
4059,e,0
4060,a,0
4061,b,0
4062,c,0
4063,d,0
4064,e,0
4065,a,0
4066,b,0
4067,c,0
4068,d,0
4069,e,0
4070,a,0
4071,b,0
4072,c,0
4073,d,0
4074,e,0
4075,a,0
4076,b,0
4077,c,0
4078,d,0
4079,e,0
4080,a,0
4081,b,0
4082,c,0
4083,d,0
4084,e,0
4085,a,0
4086,b,0
4087,c,0
4088,d,0
4089,e,0
4090,a,0
4091,b,0
4092,c,0
4093,d,0
4094,e,0
4095,a,0
4096,b,0
4097,c,0
4098,d,0
4099,e,0
4100,a,0
4101,b,0
4102,c,0
4103,d,0
4104,e,0
4105,a,0
4106,b,0
4107,c,0
4108,d,0
4109,e,0
4110,a,0
4111,b,0
4112,c,0
4113,d,0
4114,e,0
4115,a,0
4116,b,0
4117,c,0
4118,d,0
4119,e,0
4120,a,0
4121,b,0
4122,c,0
4123,d,0
4124,e,0
4125,a,0
4126,b,0
4127,c,0
4128,d,0
4129,e,0
4130,a,0
4131,b,0
4132,c,0
4133,d,0
4134,e,0
4135,a,0
4136,b,0
4137,c,0
4138,d,0
4139,e,0
4140,a,0
4141,b,0
4142,c,0
4143,d,0
4144,e,0
4145,a,0
4146,b,0
4147,c,0
4148,d,0
4149,e,0
4150,a,0
4151,b,0
4152,c,0
4153,d,0
4154,e,0
4155,a,0
4156,b,0
4157,c,0
4158,d,0
4159,e,0
4160,a,0
4161,b,0
4162,c,0
4163,d,0
4164,e,0
4165,a,0
4166,b,0
4167,c,0
4168,d,0
4169,e,0
4170,a,0
4171,b,0
4172,c,0
4173,d,0
4174,e,0
4175,a,0
4176,b,0
4177,c,0
4178,d,0
4179,e,0
4180,a,0
4181,b,0
4182,c,0
4183,d,0
4184,e,0
4185,a,0
4186,b,0
4187,c,0
4188,d,0
4189,e,0
4190,a,0
4191,b,0
4192,c,0
4193,d,0
4194,e,0
4195,a,0
4196,b,0
4197,c,0
4198,d,0
4199,e,0
4200,a,0
4201,b,0
4202,c,0
4203,d,0
4204,e,0
4205,a,0
4206,b,0
4207,c,0
4208,d,0
4209,e,0
4210,a,0
4211,b,0
4212,c,0
4213,d,0
4214,e,0
4215,a,0
4216,b,0
4217,c,0
4218,d,0
4219,e,0
4220,a,0
4221,b,0
4222,c,0
4223,d,0
4224,e,0
4225,a,0
4226,b,0
4227,c,0
4228,d,0
4229,e,0
4230,a,0
4231,b,0
4232,c,0
4233,d,0
4234,e,0
4235,a,0
4236,b,0
4237,c,0
4238,d,0
4239,e,0
4240,a,0
4241,b,0
4242,c,0
4243,d,0
4244,e,0
4245,a,0
4246,b,0
4247,c,0
4248,d,0
4249,e,0
4250,a,0
4251,b,0
4252,c,0
4253,d,0
4254,e,0
4255,a,0
4256,b,0
4257,c,0
4258,d,0
4259,e,0
4260,a,0
4261,b,0
4262,c,0
4263,d,0
4264,e,0
4265,a,0
4266,b,0
4267,c,0
4268,d,0
4269,e,0
4270,a,0
4271,b,0
4272,c,0
4273,d,0
4274,e,0
4275,a,0
4276,b,0
4277,c,0
4278,d,0
4279,e,0
4280,a,0
4281,b,0
4282,c,0
4283,d,0
4284,e,0
4285,a,0
4286,b,0
4287,c,0
4288,d,0
4289,e,0
4290,a,0
4291,b,0
4292,c,0
4293,d,0
4294,e,0
4295,a,0
4296,b,0
4297,c,0
4298,d,0
4299,e,0
4300,a,0
4301,b,0
4302,c,0
4303,d,0
4304,e,0
4305,a,0
4306,b,0
4307,c,0
4308,d,0
4309,e,0
4310,a,0
4311,b,0
4312,c,0
4313,d,0
4314,e,0
4315,a,0
4316,b,0
4317,c,0
4318,d,0
4319,e,0
4320,a,0
4321,b,0
4322,c,0
4323,d,0
4324,e,0
4325,a,0
4326,b,0
4327,c,0
4328,d,0
4329,e,0
4330,a,0
4331,b,0
4332,c,0
4333,d,0
4334,e,0
4335,a,0
4336,b,0
4337,c,0
4338,d,0
4339,e,0
4340,a,0
4341,b,0
4342,c,0
4343,d,0
4344,e,0
4345,a,0
4346,b,0
4347,c,0
4348,d,0
4349,e,0
4350,a,0
4351,b,0
4352,c,0
4353,d,0
4354,e,0
4355,a,0
4356,b,0
4357,c,0
4358,d,0
4359,e,0
4360,a,0
4361,b,0
4362,c,0
4363,d,0
4364,e,0
4365,a,0
4366,b,0
4367,c,0
4368,d,0
4369,e,0
4370,a,0
4371,b,0
4372,c,0
4373,d,0
4374,e,0
4375,a,0
4376,b,0
4377,c,0
4378,d,0
4379,e,0
4380,a,0
4381,b,0
4382,c,0
4383,d,0
4384,e,0
4385,a,0
4386,b,0
4387,c,0
4388,d,0
4389,e,0
4390,a,0
4391,b,0
4392,c,0
4393,d,0
4394,e,0
4395,a,0
4396,b,0
4397,c,0
4398,d,0
4399,e,0
4400,a,0
4401,b,0
4402,c,0
4403,d,0
4404,e,0
4405,a,0
4406,b,0
4407,c,0
4408,d,0
4409,e,0
4410,a,0
4411,b,0
4412,c,0
4413,d,0
4414,e,0
4415,a,0
4416,b,0
4417,c,0
4418,d,0
4419,e,0
4420,a,0
4421,b,0
4422,c,0
4423,d,0
4424,e,0
4425,a,0
4426,b,0
4427,c,0
4428,d,0
4429,e,0
4430,a,0
4431,b,0
4432,c,0
4433,d,0
4434,e,0
4435,a,0
4436,b,0
4437,c,0
4438,d,0
4439,e,0
4440,a,0
4441,b,0
4442,c,0
4443,d,0
4444,e,0
4445,a,0
4446,b,0
4447,c,0
4448,d,0
4449,e,0
4450,a,0
4451,b,0
4452,c,0
4453,d,0
4454,e,0
4455,a,0
4456,b,0
4457,c,0
4458,d,0
4459,e,0
4460,a,0
4461,b,0
4462,c,0
4463,d,0
4464,e,0
4465,a,0
4466,b,0
4467,c,0
4468,d,0
4469,e,0
4470,a,0
4471,b,0
4472,c,0
4473,d,0
4474,e,0
4475,a,0
4476,b,0
4477,c,0
4478,d,0
4479,e,0
4480,a,0
4481,b,0
4482,c,0
4483,d,0
4484,e,0
4485,a,0
4486,b,0
4487,c,0
4488,d,0
4489,e,0
4490,a,0
4491,b,0
4492,c,0
4493,d,0
4494,e,0
4495,a,0
4496,b,0
4497,c,0
4498,d,0
4499,e,0
4500,a,0
4501,b,0
4502,c,0
4503,d,0
4504,e,0
4505,a,0
4506,b,0
4507,c,0
4508,d,0
4509,e,0
4510,a,0
4511,b,0
4512,c,0
4513,d,0
4514,e,0
4515,a,0
4516,b,0
4517,c,0
4518,d,0
4519,e,0
4520,a,0
4521,b,0
4522,c,0
4523,d,0
4524,e,0
4525,a,0
4526,b,0
4527,c,0
4528,d,0
4529,e,0
4530,a,0
4531,b,0
4532,c,0
4533,d,0
4534,e,0
4535,a,0
4536,b,0
4537,c,0
4538,d,0
4539,e,0
4540,a,0
4541,b,0
4542,c,0
4543,d,0
4544,e,0
4545,a,0
4546,b,0
4547,c,0
4548,d,0
4549,e,0
4550,a,0
4551,b,0
4552,c,0
4553,d,0
4554,e,0
4555,a,0
4556,b,0
4557,c,0
4558,d,0
4559,e,0
4560,a,0
4561,b,0
4562,c,0
4563,d,0
4564,e,0
4565,a,0
4566,b,0
4567,c,0
4568,d,0
4569,e,0
4570,a,0
4571,b,0
4572,c,0
4573,d,0
4574,e,0
4575,a,0
4576,b,0
4577,c,0
4578,d,0
4579,e,0
4580,a,0
4581,b,0
4582,c,0
4583,d,0
4584,e,0
4585,a,0
4586,b,0
4587,c,0
4588,d,0
4589,e,0
4590,a,0
4591,b,0
4592,c,0
4593,d,0
4594,e,0
4595,a,0
4596,b,0
4597,c,0
4598,d,0
4599,e,0
4600,a,0
4601,b,0
4602,c,0
4603,d,0
4604,e,0
4605,a,0
4606,b,0
4607,c,0
4608,d,0
4609,e,0
4610,a,0
4611,b,0
4612,c,0
4613,d,0
4614,e,0
4615,a,0
4616,b,0
4617,c,0
4618,d,0
4619,e,0
4620,a,0
4621,b,0
4622,c,0
4623,d,0
4624,e,0
4625,a,0
4626,b,0
4627,c,0
4628,d,0
4629,e,0
4630,a,0
4631,b,0
4632,c,0
4633,d,0
4634,e,0
4635,a,0
4636,b,0
4637,c,0
4638,d,0
4639,e,0
4640,a,0
4641,b,0
4642,c,0
4643,d,0
4644,e,0
4645,a,0
4646,b,0
4647,c,0
4648,d,0
4649,e,0
4650,a,0
4651,b,0
4652,c,0
4653,d,0
4654,e,0
4655,a,0
4656,b,0
4657,c,0
4658,d,0
4659,e,0
4660,a,0
4661,b,0
4662,c,0
4663,d,0
4664,e,0
4665,a,0
4666,b,0
4667,c,0
4668,d,0
4669,e,0
4670,a,0
4671,b,0
4672,c,0
4673,d,0
4674,e,0
4675,a,0
4676,b,0
4677,c,0
4678,d,0
4679,e,0
4680,a,0
4681,b,0
4682,c,0
4683,d,0
4684,e,0
4685,a,0
4686,b,0
4687,c,0
4688,d,0
4689,e,0
4690,a,0
4691,b,0
4692,c,0
4693,d,0
4694,e,0
4695,a,0
4696,b,0
4697,c,0
4698,d,0
4699,e,0
4700,a,0
4701,b,0
4702,c,0
4703,d,0
4704,e,0
4705,a,0
4706,b,0
4707,c,0
4708,d,0
4709,e,0
4710,a,0
4711,b,0
4712,c,0
4713,d,0
4714,e,0
4715,a,0
4716,b,0
4717,c,0
4718,d,0
4719,e,0
4720,a,0
4721,b,0
4722,c,0
4723,d,0
4724,e,0
4725,a,0
4726,b,0
4727,c,0
4728,d,0
4729,e,0
4730,a,0
4731,b,0
4732,c,0
4733,d,0
4734,e,0
4735,a,0
4736,b,0
4737,c,0
4738,d,0
4739,e,0
4740,a,0
4741,b,0
4742,c,0
4743,d,0
4744,e,0
4745,a,0
4746,b,0
4747,c,0
4748,d,0
4749,e,0
4750,a,0
4751,b,0
4752,c,0
4753,d,0
4754,e,0
4755,a,0
4756,b,0
4757,c,0
4758,d,0
4759,e,0
4760,a,0
4761,b,0
4762,c,0
4763,d,0
4764,e,0
4765,a,0
4766,b,0
4767,c,0
4768,d,0
4769,e,0
4770,a,0
4771,b,0
4772,c,0
4773,d,0
4774,e,0
4775,a,0
4776,b,0
4777,c,0
4778,d,0
4779,e,0
4780,a,0
4781,b,0
4782,c,0
4783,d,0
4784,e,0
4785,a,0
4786,b,0
4787,c,0
4788,d,0
4789,e,0
4790,a,0
4791,b,0
4792,c,0
4793,d,0
4794,e,0
4795,a,0
4796,b,0
4797,c,0
4798,d,0
4799,e,0
4800,a,0
4801,b,0
4802,c,0
4803,d,0
4804,e,0
4805,a,0
4806,b,0
4807,c,0
4808,d,0
4809,e,0
4810,a,0
4811,b,0
4812,c,0
4813,d,0
4814,e,0
4815,a,0
4816,b,0
4817,c,0
4818,d,0
4819,e,0
4820,a,0
4821,b,0
4822,c,0
4823,d,0
4824,e,0
4825,a,0
4826,b,0
4827,c,0
4828,d,0
4829,e,0
4830,a,0
4831,b,0
4832,c,0
4833,d,0
4834,e,0
4835,a,0
4836,b,0
4837,c,0
4838,d,0
4839,e,0
4840,a,0
4841,b,0
4842,c,0
4843,d,0
4844,e,0
4845,a,0
4846,b,0
4847,c,0
4848,d,0
4849,e,0
4850,a,0
4851,b,0
4852,c,0
4853,d,0
4854,e,0
4855,a,0
4856,b,0
4857,c,0
4858,d,0
4859,e,0
4860,a,0
4861,b,0
4862,c,0
4863,d,0
4864,e,0
4865,a,0
4866,b,0
4867,c,0
4868,d,0
4869,e,0
4870,a,0
4871,b,0
4872,c,0
4873,d,0
4874,e,0
4875,a,0
4876,b,0
4877,c,0
4878,d,0
4879,e,0
4880,a,0
4881,b,0
4882,c,0
4883,d,0
4884,e,0
4885,a,0
4886,b,0
4887,c,0
4888,d,0
4889,e,0
4890,a,0
4891,b,0
4892,c,0
4893,d,0
4894,e,0
4895,a,0
4896,b,0
4897,c,0
4898,d,0
4899,e,0
4900,a,0
4901,b,0
4902,c,0
4903,d,0
4904,e,0
4905,a,0
4906,b,0
4907,c,0
4908,d,0
4909,e,0
4910,a,0
4911,b,0
4912,c,0
4913,d,0
4914,e,0
4915,a,0
4916,b,0
4917,c,0
4918,d,0
4919,e,0
4920,a,0
4921,b,0
4922,c,0
4923,d,0
4924,e,0
4925,a,0
4926,b,0
4927,c,0
4928,d,0
4929,e,0
4930,a,0
4931,b,0
4932,c,0
4933,d,0
4934,e,0
4935,a,0
4936,b,0
4937,c,0
4938,d,0
4939,e,0
4940,a,0
4941,b,0
4942,c,0
4943,d,0
4944,e,0
4945,a,0
4946,b,0
4947,c,0
4948,d,0
4949,e,0
4950,a,0
4951,b,0
4952,c,0
4953,d,0
4954,e,0
4955,a,0
4956,b,0
4957,c,0
4958,d,0
4959,e,0
4960,a,0
4961,b,0
4962,c,0
4963,d,0
4964,e,0
4965,a,0
4966,b,0
4967,c,0
4968,d,0
4969,e,0
4970,a,0
4971,b,0
4972,c,0
4973,d,0
4974,e,0
4975,a,0
4976,b,0
4977,c,0
4978,d,0
4979,e,0
4980,a,0
4981,b,0
4982,c,0
4983,d,0
4984,e,0
4985,a,0
4986,b,0
4987,c,0
4988,d,0
4989,e,0
4990,a,0
4991,b,0
4992,c,0
4993,d,0
4994,e,0
4995,a,0
4996,b,0
4997,c,0
4998,d,0
4999,e,0
5000,a,0
5001,b,0
5002,c,0
5003,d,0
5004,e,0
5005,a,0
5006,b,0
5007,c,0
5008,d,0
5009,e,0
5010,a,0
5011,b,0
5012,c,0
5013,d,0
5014,e,0
5015,a,0
5016,b,0
5017,c,0
5018,d,0
5019,e,0
5020,a,0
5021,b,0
5022,c,0
5023,d,0
5024,e,0
5025,a,0
5026,b,0
5027,c,0
5028,d,0
5029,e,0
5030,a,0
5031,b,0
5032,c,0
5033,d,0
5034,e,0
5035,a,0
5036,b,0
5037,c,0
5038,d,0
5039,e,0
5040,a,0
5041,b,0
5042,c,0
5043,d,0
5044,e,0
5045,a,0
5046,b,0
5047,c,0
5048,d,0
5049,e,0
5050,a,0
5051,b,0
5052,c,0
5053,d,0
5054,e,0
5055,a,0
5056,b,0
5057,c,0
5058,d,0
5059,e,0
5060,a,0
5061,b,0
5062,c,0
5063,d,0
5064,e,0
5065,a,0
5066,b,0
5067,c,0
5068,d,0
5069,e,0
5070,a,0
5071,b,0
5072,c,0
5073,d,0
5074,e,0
5075,a,0
5076,b,0
5077,c,0
5078,d,0
5079,e,0
5080,a,0
5081,b,0
5082,c,0
5083,d,0
5084,e,0
5085,a,0
5086,b,0
5087,c,0
5088,d,0
5089,e,0
5090,a,0
5091,b,0
5092,c,0
5093,d,0
5094,e,0
5095,a,0
5096,b,0
5097,c,0
5098,d,0
5099,e,0
5100,a,0
5101,b,0
5102,c,0
5103,d,0
5104,e,0
5105,a,0
5106,b,0
5107,c,0
5108,d,0
5109,e,0
5110,a,0
5111,b,0
5112,c,0
5113,d,0
5114,e,0
5115,a,0
5116,b,0
5117,c,0
5118,d,0
5119,e,0
5120,a,0
5121,b,0
5122,c,0
5123,d,0
5124,e,0
5125,a,0
5126,b,0
5127,c,0
5128,d,0
5129,e,0
5130,a,0
5131,b,0
5132,c,0
5133,d,0
5134,e,0
5135,a,0
5136,b,0
5137,c,0
5138,d,0
5139,e,0
5140,a,0
5141,b,0
5142,c,0
5143,d,0
5144,e,0
5145,a,0
5146,b,0
5147,c,0
5148,d,0
5149,e,0
5150,a,0
5151,b,0
5152,c,0
5153,d,0
5154,e,0
5155,a,0
5156,b,0
5157,c,0
5158,d,0
5159,e,0
5160,a,0
5161,b,0
5162,c,0
5163,d,0
5164,e,0
5165,a,0
5166,b,0
5167,c,0
5168,d,0
5169,e,0
5170,a,0
5171,b,0
5172,c,0
5173,d,0
5174,e,0
5175,a,0
5176,b,0
5177,c,0
5178,d,0
5179,e,0
5180,a,0
5181,b,0
5182,c,0
5183,d,0
5184,e,0
5185,a,0
5186,b,0
5187,c,0
5188,d,0
5189,e,0
5190,a,0
5191,b,0
5192,c,0
5193,d,0
5194,e,0
5195,a,0
5196,b,0
5197,c,0
5198,d,0
5199,e,0
5200,a,0
5201,b,0
5202,c,0
5203,d,0
5204,e,0
5205,a,0
5206,b,0
5207,c,0
5208,d,0
5209,e,0
5210,a,0
5211,b,0
5212,c,0
5213,d,0
5214,e,0
5215,a,0
5216,b,0
5217,c,0
5218,d,0
5219,e,0
5220,a,0
5221,b,0
5222,c,0
5223,d,0
5224,e,0
5225,a,0
5226,b,0
5227,c,0
5228,d,0
5229,e,0
5230,a,0
5231,b,0
5232,c,0
5233,d,0
5234,e,0
5235,a,0
5236,b,0
5237,c,0
5238,d,0
5239,e,0
5240,a,0
5241,b,0
5242,c,0
5243,d,0
5244,e,0
5245,a,0
5246,b,0
5247,c,0
5248,d,0
5249,e,0
5250,a,0
5251,b,0
5252,c,0
5253,d,0
5254,e,0
5255,a,0
5256,b,0
5257,c,0
5258,d,0
5259,e,0
5260,a,0
5261,b,0
5262,c,0
5263,d,0
5264,e,0
5265,a,0
5266,b,0
5267,c,0
5268,d,0
5269,e,0
5270,a,0
5271,b,0
5272,c,0
5273,d,0
5274,e,0
5275,a,0
5276,b,0
5277,c,0
5278,d,0
5279,e,0
5280,a,0
5281,b,0
5282,c,0
5283,d,0
5284,e,0
5285,a,0
5286,b,0
5287,c,0
5288,d,0
5289,e,0
5290,a,0
5291,b,0
5292,c,0
5293,d,0
5294,e,0
5295,a,0
5296,b,0
5297,c,0
5298,d,0
5299,e,0
5300,a,0
5301,b,0
5302,c,0
5303,d,0
5304,e,0
5305,a,0
5306,b,0
5307,c,0
5308,d,0
5309,e,0
5310,a,0
5311,b,0
5312,c,0
5313,d,0
5314,e,0
5315,a,0
5316,b,0
5317,c,0
5318,d,0
5319,e,0
5320,a,0
5321,b,0
5322,c,0
5323,d,0
5324,e,0
5325,a,0
5326,b,0
5327,c,0
5328,d,0
5329,e,0
5330,a,0
5331,b,0
5332,c,0
5333,d,0
5334,e,0
5335,a,0
5336,b,0
5337,c,0
5338,d,0
5339,e,0
5340,a,0
5341,b,0
5342,c,0
5343,d,0
5344,e,0
5345,a,0
5346,b,0
5347,c,0
5348,d,0
5349,e,0
5350,a,0
5351,b,0
5352,c,0
5353,d,0
5354,e,0
5355,a,0
5356,b,0
5357,c,0
5358,d,0
5359,e,0
5360,a,0
5361,b,0
5362,c,0
5363,d,0
5364,e,0
5365,a,0
5366,b,0
5367,c,0
5368,d,0
5369,e,0
5370,a,0
5371,b,0
5372,c,0
5373,d,0
5374,e,0
5375,a,0
5376,b,0
5377,c,0
5378,d,0
5379,e,0
5380,a,0
5381,b,0
5382,c,0
5383,d,0
5384,e,0
5385,a,0
5386,b,0
5387,c,0
5388,d,0
5389,e,0
5390,a,0
5391,b,0
5392,c,0
5393,d,0
5394,e,0
5395,a,0
5396,b,0
5397,c,0
5398,d,0
5399,e,0
5400,a,0
5401,b,0
5402,c,0
5403,d,0
5404,e,0
5405,a,0
5406,b,0
5407,c,0
5408,d,0
5409,e,0
5410,a,0
5411,b,0
5412,c,0
5413,d,0
5414,e,0
5415,a,0
5416,b,0
5417,c,0
5418,d,0
5419,e,0
5420,a,0
5421,b,0
5422,c,0
5423,d,0
5424,e,0
5425,a,0
5426,b,0
5427,c,0
5428,d,0
5429,e,0
5430,a,0
5431,b,0
5432,c,0
5433,d,0
5434,e,0
5435,a,0
5436,b,0
5437,c,0
5438,d,0
5439,e,0
5440,a,0
5441,b,0
5442,c,0
5443,d,0
5444,e,0
5445,a,0
5446,b,0
5447,c,0
5448,d,0
5449,e,0
5450,a,0
5451,b,0
5452,c,0
5453,d,0
5454,e,0
5455,a,0
5456,b,0
5457,c,0
5458,d,0
5459,e,0
5460,a,0
5461,b,0
5462,c,0
5463,d,0
5464,e,0
5465,a,0
5466,b,0
5467,c,0
5468,d,0
5469,e,0
5470,a,0
5471,b,0
5472,c,0
5473,d,0
5474,e,0
5475,a,0
5476,b,0
5477,c,0
5478,d,0
5479,e,0
5480,a,0
5481,b,0
5482,c,0
5483,d,0
5484,e,0
5485,a,0
5486,b,0
5487,c,0
5488,d,0
5489,e,0
5490,a,0
5491,b,0
5492,c,0
5493,d,0
5494,e,0
5495,a,0
5496,b,0
5497,c,0
5498,d,0
5499,e,0
5500,a,0
5501,b,0
5502,c,0
5503,d,0
5504,e,0
5505,a,0
5506,b,0
5507,c,0
5508,d,0
5509,e,0
5510,a,0
5511,b,0
5512,c,0
5513,d,0
5514,e,0
5515,a,0
5516,b,0
5517,c,0
5518,d,0
5519,e,0
5520,a,0
5521,b,0
5522,c,0
5523,d,0
5524,e,0
5525,a,0
5526,b,0
5527,c,0
5528,d,0
5529,e,0
5530,a,0
5531,b,0
5532,c,0
5533,d,0
5534,e,0
5535,a,0
5536,b,0
5537,c,0
5538,d,0
5539,e,0
5540,a,0
5541,b,0
5542,c,0
5543,d,0
5544,e,0
5545,a,0
5546,b,0
5547,c,0
5548,d,0
5549,e,0
5550,a,0
5551,b,0
5552,c,0
5553,d,0
5554,e,0
5555,a,0
5556,b,0
5557,c,0
5558,d,0
5559,e,0
5560,a,0
5561,b,0
5562,c,0
5563,d,0
5564,e,0
5565,a,0
5566,b,0
5567,c,0
5568,d,0
5569,e,0
5570,a,0
5571,b,0
5572,c,0
5573,d,0
5574,e,0
5575,a,0
5576,b,0
5577,c,0
5578,d,0
5579,e,0
5580,a,0
5581,b,0
5582,c,0
5583,d,0
5584,e,0
5585,a,0
5586,b,0
5587,c,0
5588,d,0
5589,e,0
5590,a,0
5591,b,0
5592,c,0
5593,d,0
5594,e,0
5595,a,0
5596,b,0
5597,c,0
5598,d,0
5599,e,0
5600,a,0
5601,b,0
5602,c,0
5603,d,0
5604,e,0
5605,a,0
5606,b,0
5607,c,0
5608,d,0
5609,e,0
5610,a,0
5611,b,0
5612,c,0
5613,d,0
5614,e,0
5615,a,0
5616,b,0
5617,c,0
5618,d,0
5619,e,0
5620,a,0
5621,b,0
5622,c,0
5623,d,0
5624,e,0
5625,a,0
5626,b,0
5627,c,0
5628,d,0
5629,e,0
5630,a,0
5631,b,0
5632,c,0
5633,d,0
5634,e,0
5635,a,0
5636,b,0
5637,c,0
5638,d,0
5639,e,0
5640,a,0
5641,b,0
5642,c,0
5643,d,0
5644,e,0
5645,a,0
5646,b,0
5647,c,0
5648,d,0
5649,e,0
5650,a,0
5651,b,0
5652,c,0
5653,d,0
5654,e,0
5655,a,0
5656,b,0
5657,c,0
5658,d,0
5659,e,0
5660,a,0
5661,b,0
5662,c,0
5663,d,0
5664,e,0
5665,a,0
5666,b,0
5667,c,0
5668,d,0
5669,e,0
5670,a,0
5671,b,0
5672,c,0
5673,d,0
5674,e,0
5675,a,0
5676,b,0
5677,c,0
5678,d,0
5679,e,0
5680,a,0
5681,b,0
5682,c,0
5683,d,0
5684,e,0
5685,a,0
5686,b,0
5687,c,0
5688,d,0
5689,e,0
5690,a,0
5691,b,0
5692,c,0
5693,d,0
5694,e,0
5695,a,0
5696,b,0
5697,c,0
5698,d,0
5699,e,0
5700,a,0
5701,b,0
5702,c,0
5703,d,0
5704,e,0
5705,a,0
5706,b,0
5707,c,0
5708,d,0
5709,e,0
5710,a,0
5711,b,0
5712,c,0
5713,d,0
5714,e,0
5715,a,0
5716,b,0
5717,c,0
5718,d,0
5719,e,0
5720,a,0
5721,b,0
5722,c,0
5723,d,0
5724,e,0
5725,a,0
5726,b,0
5727,c,0
5728,d,0
5729,e,0
5730,a,0
5731,b,0
5732,c,0
5733,d,0
5734,e,0
5735,a,0
5736,b,0
5737,c,0
5738,d,0
5739,e,0
5740,a,0
5741,b,0
5742,c,0
5743,d,0
5744,e,0
5745,a,0
5746,b,0
5747,c,0
5748,d,0
5749,e,0
5750,a,0
5751,b,0
5752,c,0
5753,d,0
5754,e,0
5755,a,0
5756,b,0
5757,c,0
5758,d,0
5759,e,0
5760,a,0
5761,b,0
5762,c,0
5763,d,0
5764,e,0
5765,a,0
5766,b,0
5767,c,0
5768,d,0
5769,e,0
5770,a,0
5771,b,0
5772,c,0
5773,d,0
5774,e,0
5775,a,0
5776,b,0
5777,c,0
5778,d,0
5779,e,0
5780,a,0
5781,b,0
5782,c,0
5783,d,0
5784,e,0
5785,a,0
5786,b,0
5787,c,0
5788,d,0
5789,e,0
5790,a,0
5791,b,0
5792,c,0
5793,d,0
5794,e,0
5795,a,0
5796,b,0
5797,c,0
5798,d,0
5799,e,0
5800,a,0
5801,b,0
5802,c,0
5803,d,0
5804,e,0
5805,a,0
5806,b,0
5807,c,0
5808,d,0
5809,e,0
5810,a,0
5811,b,0
5812,c,0
5813,d,0
5814,e,0
5815,a,0
5816,b,0
5817,c,0
5818,d,0
5819,e,0
5820,a,0
5821,b,0
5822,c,0
5823,d,0
5824,e,0
5825,a,0
5826,b,0
5827,c,0
5828,d,0
5829,e,0
5830,a,0
5831,b,0
5832,c,0
5833,d,0
5834,e,0
5835,a,0
5836,b,0
5837,c,0
5838,d,0
5839,e,0
5840,a,0
5841,b,0
5842,c,0
5843,d,0
5844,e,0
5845,a,0
5846,b,0
5847,c,0
5848,d,0
5849,e,0
5850,a,0
5851,b,0
5852,c,0
5853,d,0
5854,e,0
5855,a,0
5856,b,0
5857,c,0
5858,d,0
5859,e,0
5860,a,0
5861,b,0
5862,c,0
5863,d,0
5864,e,0
5865,a,0
5866,b,0
5867,c,0
5868,d,0
5869,e,0
5870,a,0
5871,b,0
5872,c,0
5873,d,0
5874,e,0
5875,a,0
5876,b,0
5877,c,0
5878,d,0
5879,e,0
5880,a,0
5881,b,0
5882,c,0
5883,d,0
5884,e,0
5885,a,0
5886,b,0
5887,c,0
5888,d,0
5889,e,0
5890,a,0
5891,b,0
5892,c,0
5893,d,0
5894,e,0
5895,a,0
5896,b,0
5897,c,0
5898,d,0
5899,e,0
5900,a,0
5901,b,0
5902,c,0
5903,d,0
5904,e,0
5905,a,0
5906,b,0
5907,c,0
5908,d,0
5909,e,0
5910,a,0
5911,b,0
5912,c,0
5913,d,0
5914,e,0
5915,a,0
5916,b,0
5917,c,0
5918,d,0
5919,e,0
5920,a,0
5921,b,0
5922,c,0
5923,d,0
5924,e,0
5925,a,0
5926,b,0
5927,c,0
5928,d,0
5929,e,0
5930,a,0
5931,b,0
5932,c,0
5933,d,0
5934,e,0
5935,a,0
5936,b,0
5937,c,0
5938,d,0
5939,e,0
5940,a,0
5941,b,0
5942,c,0
5943,d,0
5944,e,0
5945,a,0
5946,b,0
5947,c,0
5948,d,0
5949,e,0
5950,a,0
5951,b,0
5952,c,0
5953,d,0
5954,e,0
5955,a,0
5956,b,0
5957,c,0
5958,d,0
5959,e,0
5960,a,0
5961,b,0
5962,c,0
5963,d,0
5964,e,0
5965,a,0
5966,b,0
5967,c,0
5968,d,0
5969,e,0
5970,a,0
5971,b,0
5972,c,0
5973,d,0
5974,e,0
5975,a,0
5976,b,0
5977,c,0
5978,d,0
5979,e,0
5980,a,0
5981,b,0
5982,c,0
5983,d,0
5984,e,0
5985,a,0
5986,b,0
5987,c,0
5988,d,0
5989,e,0
5990,a,0
5991,b,0
5992,c,0
5993,d,0
5994,e,0
5995,a,0
5996,b,0
5997,c,0
5998,d,0
5999,e,0
6000,a,0
6001,b,0
6002,c,0
6003,d,0
6004,e,0
6005,a,0
6006,b,0
6007,c,0
6008,d,0
6009,e,0
6010,a,0
6011,b,0
6012,c,0
6013,d,0
6014,e,0
6015,a,0
6016,b,0
6017,c,0
6018,d,0
6019,e,0
6020,a,0
6021,b,0
6022,c,0
6023,d,0
6024,e,0
6025,a,0
6026,b,0
6027,c,0
6028,d,0
6029,e,0
6030,a,0
6031,b,0
6032,c,0
6033,d,0
6034,e,0
6035,a,0
6036,b,0
6037,c,0
6038,d,0
6039,e,0
6040,a,0
6041,b,0
6042,c,0
6043,d,0
6044,e,0
6045,a,0
6046,b,0
6047,c,0
6048,d,0
6049,e,0
6050,a,0
6051,b,0
6052,c,0
6053,d,0
6054,e,0
6055,a,0
6056,b,0
6057,c,0
6058,d,0
6059,e,0
6060,a,0
6061,b,0
6062,c,0
6063,d,0
6064,e,0
6065,a,0
6066,b,0
6067,c,0
6068,d,0
6069,e,0
6070,a,0
6071,b,0
6072,c,0
6073,d,0
6074,e,0
6075,a,0
6076,b,0
6077,c,0
6078,d,0
6079,e,0
6080,a,0
6081,b,0
6082,c,0
6083,d,0
6084,e,0
6085,a,0
6086,b,0
6087,c,0
6088,d,0
6089,e,0
6090,a,0
6091,b,0
6092,c,0
6093,d,0
6094,e,0
6095,a,0
6096,b,0
6097,c,0
6098,d,0
6099,e,0
6100,a,0
6101,b,0
6102,c,0
6103,d,0
6104,e,0
6105,a,0
6106,b,0
6107,c,0
6108,d,0
6109,e,0
6110,a,0
6111,b,0
6112,c,0
6113,d,0
6114,e,0
6115,a,0
6116,b,0
6117,c,0
6118,d,0
6119,e,0
6120,a,0
6121,b,0
6122,c,0
6123,d,0
6124,e,0
6125,a,0
6126,b,0
6127,c,0
6128,d,0
6129,e,0
6130,a,0
6131,b,0
6132,c,0
6133,d,0
6134,e,0
6135,a,0
6136,b,0
6137,c,0
6138,d,0
6139,e,0
6140,a,0
6141,b,0
6142,c,0
6143,d,0
6144,e,0
6145,a,0
6146,b,0
6147,c,0
6148,d,0
6149,e,0
6150,a,0
6151,b,0
6152,c,0
6153,d,0
6154,e,0
6155,a,0
6156,b,0
6157,c,0
6158,d,0
6159,e,0
6160,a,0
6161,b,0
6162,c,0
6163,d,0
6164,e,0
6165,a,0
6166,b,0
6167,c,0
6168,d,0
6169,e,0
6170,a,0
6171,b,0
6172,c,0
6173,d,0
6174,e,0
6175,a,0
6176,b,0
6177,c,0
6178,d,0
6179,e,0
6180,a,0
6181,b,0
6182,c,0
6183,d,0
6184,e,0
6185,a,0
6186,b,0
6187,c,0
6188,d,0
6189,e,0
6190,a,0
6191,b,0
6192,c,0
6193,d,0
6194,e,0
6195,a,0
6196,b,0
6197,c,0
6198,d,0
6199,e,0
6200,a,0
6201,b,0
6202,c,0
6203,d,0
6204,e,0
6205,a,0
6206,b,0
6207,c,0
6208,d,0
6209,e,0
6210,a,0
6211,b,0
6212,c,0
6213,d,0
6214,e,0
6215,a,0
6216,b,0
6217,c,0
6218,d,0
6219,e,0
6220,a,0
6221,b,0
6222,c,0
6223,d,0
6224,e,0
6225,a,0
6226,b,0
6227,c,0
6228,d,0
6229,e,0
6230,a,0
6231,b,0
6232,c,0
6233,d,0
6234,e,0
6235,a,0
6236,b,0
6237,c,0
6238,d,0
6239,e,0
6240,a,0
6241,b,0
6242,c,0
6243,d,0
6244,e,0
6245,a,0
6246,b,0
6247,c,0
6248,d,0
6249,e,0
6250,a,0
6251,b,0
6252,c,0
6253,d,0
6254,e,0
6255,a,0
6256,b,0
6257,c,0
6258,d,0
6259,e,0
6260,a,0
6261,b,0
6262,c,0
6263,d,0
6264,e,0
6265,a,0
6266,b,0
6267,c,0
6268,d,0
6269,e,0
6270,a,0
6271,b,0
6272,c,0
6273,d,0
6274,e,0
6275,a,0
6276,b,0
6277,c,0
6278,d,0
6279,e,0
6280,a,0
6281,b,0
6282,c,0
6283,d,0
6284,e,0
6285,a,0
6286,b,0
6287,c,0
6288,d,0
6289,e,0
6290,a,0
6291,b,0
6292,c,0
6293,d,0
6294,e,0
6295,a,0
6296,b,0
6297,c,0
6298,d,0
6299,e,0
6300,a,0
6301,b,0
6302,c,0
6303,d,0
6304,e,0
6305,a,0
6306,b,0
6307,c,0
6308,d,0
6309,e,0
6310,a,0
6311,b,0
6312,c,0
6313,d,0
6314,e,0
6315,a,0
6316,b,0
6317,c,0
6318,d,0
6319,e,0
6320,a,0
6321,b,0
6322,c,0
6323,d,0
6324,e,0
6325,a,0
6326,b,0
6327,c,0
6328,d,0
6329,e,0
6330,a,0
6331,b,0
6332,c,0
6333,d,0
6334,e,0
6335,a,0
6336,b,0
6337,c,0
6338,d,0
6339,e,0
6340,a,0
6341,b,0
6342,c,0
6343,d,0
6344,e,0
6345,a,0
6346,b,0
6347,c,0
6348,d,0
6349,e,0
6350,a,0
6351,b,0
6352,c,0
6353,d,0
6354,e,0
6355,a,0
6356,b,0
6357,c,0
6358,d,0
6359,e,0
6360,a,0
6361,b,0
6362,c,0
6363,d,0
6364,e,0
6365,a,0
6366,b,0
6367,c,0
6368,d,0
6369,e,0
6370,a,0
6371,b,0
6372,c,0
6373,d,0
6374,e,0
6375,a,0
6376,b,0
6377,c,0
6378,d,0
6379,e,0
6380,a,0
6381,b,0
6382,c,0
6383,d,0
6384,e,0
6385,a,0
6386,b,0
6387,c,0
6388,d,0
6389,e,0
6390,a,0
6391,b,0
6392,c,0
6393,d,0
6394,e,0
6395,a,0
6396,b,0
6397,c,0
6398,d,0
6399,e,0
6400,a,0
6401,b,0
6402,c,0
6403,d,0
6404,e,0
6405,a,0
6406,b,0
6407,c,0
6408,d,0
6409,e,0
6410,a,0
6411,b,0
6412,c,0
6413,d,0
6414,e,0
6415,a,0
6416,b,0
6417,c,0
6418,d,0
6419,e,0
6420,a,0
6421,b,0
6422,c,0
6423,d,0
6424,e,0
6425,a,0
6426,b,0
6427,c,0
6428,d,0
6429,e,0
6430,a,0
6431,b,0
6432,c,0
6433,d,0
6434,e,0
6435,a,0
6436,b,0
6437,c,0
6438,d,0
6439,e,0
6440,a,0
6441,b,0
6442,c,0
6443,d,0
6444,e,0
6445,a,0
6446,b,0
6447,c,0
6448,d,0
6449,e,0
6450,a,0
6451,b,0
6452,c,0
6453,d,0
6454,e,0
6455,a,0
6456,b,0
6457,c,0
6458,d,0
6459,e,0
6460,a,0
6461,b,0
6462,c,0
6463,d,0
6464,e,0
6465,a,0
6466,b,0
6467,c,0
6468,d,0
6469,e,0
6470,a,0
6471,b,0
6472,c,0
6473,d,0
6474,e,0
6475,a,0
6476,b,0
6477,c,0
6478,d,0
6479,e,0
6480,a,0
6481,b,0
6482,c,0
6483,d,0
6484,e,0
6485,a,0
6486,b,0
6487,c,0
6488,d,0
6489,e,0
6490,a,0
6491,b,0
6492,c,0
6493,d,0
6494,e,0
6495,a,0
6496,b,0
6497,c,0
6498,d,0
6499,e,0
6500,a,0
6501,b,0
6502,c,0
6503,d,0
6504,e,0
6505,a,0
6506,b,0
6507,c,0
6508,d,0
6509,e,0
6510,a,0
6511,b,0
6512,c,0
6513,d,0
6514,e,0
6515,a,0
6516,b,0
6517,c,0
6518,d,0
6519,e,0
6520,a,0
6521,b,0
6522,c,0
6523,d,0
6524,e,0
6525,a,0
6526,b,0
6527,c,0
6528,d,0
6529,e,0
6530,a,0
6531,b,0
6532,c,0
6533,d,0
6534,e,0
6535,a,0
6536,b,0
6537,c,0
6538,d,0
6539,e,0
6540,a,0
6541,b,0
6542,c,0
6543,d,0
6544,e,0
6545,a,0
6546,b,0
6547,c,0
6548,d,0
6549,e,0
6550,a,0
6551,b,0
6552,c,0
6553,d,0
6554,e,0
6555,a,0
6556,b,0
6557,c,0
6558,d,0
6559,e,0
6560,a,0
6561,b,0
6562,c,0
6563,d,0
6564,e,0
6565,a,0
6566,b,0
6567,c,0
6568,d,0
6569,e,0
6570,a,0
6571,b,0
6572,c,0
6573,d,0
6574,e,0
6575,a,0
6576,b,0
6577,c,0
6578,d,0
6579,e,0
6580,a,0
6581,b,0
6582,c,0
6583,d,0
6584,e,0
6585,a,0
6586,b,0
6587,c,0
6588,d,0
6589,e,0
6590,a,0
6591,b,0
6592,c,0
6593,d,0
6594,e,0
6595,a,0
6596,b,0
6597,c,0
6598,d,0
6599,e,0
6600,a,0
6601,b,0
6602,c,0
6603,d,0
6604,e,0
6605,a,0
6606,b,0
6607,c,0
6608,d,0
6609,e,0
6610,a,0
6611,b,0
6612,c,0
6613,d,0
6614,e,0
6615,a,0
6616,b,0
6617,c,0
6618,d,0
6619,e,0
6620,a,0
6621,b,0
6622,c,0
6623,d,0
6624,e,0
6625,a,0
6626,b,0
6627,c,0
6628,d,0
6629,e,0
6630,a,0
6631,b,0
6632,c,0
6633,d,0
6634,e,0
6635,a,0
6636,b,0
6637,c,0
6638,d,0
6639,e,0
6640,a,0
6641,b,0
6642,c,0
6643,d,0
6644,e,0
6645,a,0
6646,b,0
6647,c,0
6648,d,0
6649,e,0
6650,a,0
6651,b,0
6652,c,0
6653,d,0
6654,e,0
6655,a,0
6656,b,0
6657,c,0
6658,d,0
6659,e,0
6660,a,0
6661,b,0
6662,c,0
6663,d,0
6664,e,0
6665,a,0
6666,b,0
6667,c,0
6668,d,0
6669,e,0
6670,a,0
6671,b,0
6672,c,0
6673,d,0
6674,e,0
6675,a,0
6676,b,0
6677,c,0
6678,d,0
6679,e,0
6680,a,0
6681,b,0
6682,c,0
6683,d,0
6684,e,0
6685,a,0
6686,b,0
6687,c,0
6688,d,0
6689,e,0
6690,a,0
6691,b,0
6692,c,0
6693,d,0
6694,e,0
6695,a,0
6696,b,0
6697,c,0
6698,d,0
6699,e,0
6700,a,0
6701,b,0
6702,c,0
6703,d,0
6704,e,0
6705,a,0
6706,b,0
6707,c,0
6708,d,0
6709,e,0
6710,a,0
6711,b,0
6712,c,0
6713,d,0
6714,e,0
6715,a,0
6716,b,0
6717,c,0
6718,d,0
6719,e,0
6720,a,0
6721,b,0
6722,c,0
6723,d,0
6724,e,0
6725,a,0
6726,b,0
6727,c,0
6728,d,0
6729,e,0
6730,a,0
6731,b,0
6732,c,0
6733,d,0
6734,e,0
6735,a,0
6736,b,0
6737,c,0
6738,d,0
6739,e,0
6740,a,0
6741,b,0
6742,c,0
6743,d,0
6744,e,0
6745,a,0
6746,b,0
6747,c,0
6748,d,0
6749,e,0
6750,a,0
6751,b,0
6752,c,0
6753,d,0
6754,e,0
6755,a,0
6756,b,0
6757,c,0
6758,d,0
6759,e,0
6760,a,0
6761,b,0
6762,c,0
6763,d,0
6764,e,0
6765,a,0
6766,b,0
6767,c,0
6768,d,0
6769,e,0
6770,a,0
6771,b,0
6772,c,0
6773,d,0
6774,e,0
6775,a,0
6776,b,0
6777,c,0
6778,d,0
6779,e,0
6780,a,0
6781,b,0
6782,c,0
6783,d,0
6784,e,0
6785,a,0
6786,b,0
6787,c,0
6788,d,0
6789,e,0
6790,a,0
6791,b,0
6792,c,0
6793,d,0
6794,e,0
6795,a,0
6796,b,0
6797,c,0
6798,d,0
6799,e,0
6800,a,0
6801,b,0
6802,c,0
6803,d,0
6804,e,0
6805,a,0
6806,b,0
6807,c,0
6808,d,0
6809,e,0
6810,a,0
6811,b,0
6812,c,0
6813,d,0
6814,e,0
6815,a,0
6816,b,0
6817,c,0
6818,d,0
6819,e,0
6820,a,0
6821,b,0
6822,c,0
6823,d,0
6824,e,0
6825,a,0
6826,b,0
6827,c,0
6828,d,0
6829,e,0
6830,a,0
6831,b,0
6832,c,0
6833,d,0
6834,e,0
6835,a,0
6836,b,0
6837,c,0
6838,d,0
6839,e,0
6840,a,0
6841,b,0
6842,c,0
6843,d,0
6844,e,0
6845,a,0
6846,b,0
6847,c,0
6848,d,0
6849,e,0
6850,a,0
6851,b,0
6852,c,0
6853,d,0
6854,e,0
6855,a,0
6856,b,0
6857,c,0
6858,d,0
6859,e,0
6860,a,0
6861,b,0
6862,c,0
6863,d,0
6864,e,0
6865,a,0
6866,b,0
6867,c,0
6868,d,0
6869,e,0
6870,a,0
6871,b,0
6872,c,0
6873,d,0
6874,e,0
6875,a,0
6876,b,0
6877,c,0
6878,d,0
6879,e,0
6880,a,0
6881,b,0
6882,c,0
6883,d,0
6884,e,0
6885,a,0
6886,b,0
6887,c,0
6888,d,0
6889,e,0
6890,a,0
6891,b,0
6892,c,0
6893,d,0
6894,e,0
6895,a,0
6896,b,0
6897,c,0
6898,d,0
6899,e,0
6900,a,0
6901,b,0
6902,c,0
6903,d,0
6904,e,0
6905,a,0
6906,b,0
6907,c,0
6908,d,0
6909,e,0
6910,a,0
6911,b,0
6912,c,0
6913,d,0
6914,e,0
6915,a,0
6916,b,0
6917,c,0
6918,d,0
6919,e,0
6920,a,0
6921,b,0
6922,c,0
6923,d,0
6924,e,0
6925,a,0
6926,b,0
6927,c,0
6928,d,0
6929,e,0
6930,a,0
6931,b,0
6932,c,0
6933,d,0
6934,e,0
6935,a,0
6936,b,0
6937,c,0
6938,d,0
6939,e,0
6940,a,0
6941,b,0
6942,c,0
6943,d,0
6944,e,0
6945,a,0
6946,b,0
6947,c,0
6948,d,0
6949,e,0
6950,a,0
6951,b,0
6952,c,0
6953,d,0
6954,e,0
6955,a,0
6956,b,0
6957,c,0
6958,d,0
6959,e,0
6960,a,0
6961,b,0
6962,c,0
6963,d,0
6964,e,0
6965,a,0
6966,b,0
6967,c,0
6968,d,0
6969,e,0
6970,a,0
6971,b,0
6972,c,0
6973,d,0
6974,e,0
6975,a,0
6976,b,0
6977,c,0
6978,d,0
6979,e,0
6980,a,0
6981,b,0
6982,c,0
6983,d,0
6984,e,0
6985,a,0
6986,b,0
6987,c,0
6988,d,0
6989,e,0
6990,a,0
6991,b,0
6992,c,0
6993,d,0
6994,e,0
6995,a,0
6996,b,0
6997,c,0
6998,d,0
6999,e,0
7000,a,0
7001,b,0
7002,c,0
7003,d,0
7004,e,0
7005,a,0
7006,b,0
7007,c,0
7008,d,0
7009,e,0
7010,a,0
7011,b,0
7012,c,0
7013,d,0
7014,e,0
7015,a,0
7016,b,0
7017,c,0
7018,d,0
7019,e,0
7020,a,0
7021,b,0
7022,c,0
7023,d,0
7024,e,0
7025,a,0
7026,b,0
7027,c,0
7028,d,0
7029,e,0
7030,a,0
7031,b,0
7032,c,0
7033,d,0
7034,e,0
7035,a,0
7036,b,0
7037,c,0
7038,d,0
7039,e,0
7040,a,0
7041,b,0
7042,c,0
7043,d,0
7044,e,0
7045,a,0
7046,b,0
7047,c,0
7048,d,0
7049,e,0
7050,a,0
7051,b,0
7052,c,0
7053,d,0
7054,e,0
7055,a,0
7056,b,0
7057,c,0
7058,d,0
7059,e,0
7060,a,0
7061,b,0
7062,c,0
7063,d,0
7064,e,0
7065,a,0
7066,b,0
7067,c,0
7068,d,0
7069,e,0
7070,a,0
7071,b,0
7072,c,0
7073,d,0
7074,e,0
7075,a,0
7076,b,0
7077,c,0
7078,d,0
7079,e,0
7080,a,0
7081,b,0
7082,c,0
7083,d,0
7084,e,0
7085,a,0
7086,b,0
7087,c,0
7088,d,0
7089,e,0
7090,a,0
7091,b,0
7092,c,0
7093,d,0
7094,e,0
7095,a,0
7096,b,0
7097,c,0
7098,d,0
7099,e,0
7100,a,0
7101,b,0
7102,c,0
7103,d,0
7104,e,0
7105,a,0
7106,b,0
7107,c,0
7108,d,0
7109,e,0
7110,a,0
7111,b,0
7112,c,0
7113,d,0
7114,e,0
7115,a,0
7116,b,0
7117,c,0
7118,d,0
7119,e,0
7120,a,0
7121,b,0
7122,c,0
7123,d,0
7124,e,0
7125,a,0
7126,b,0
7127,c,0
7128,d,0
7129,e,0
7130,a,0
7131,b,0
7132,c,0
7133,d,0
7134,e,0
7135,a,0
7136,b,0
7137,c,0
7138,d,0
7139,e,0
7140,a,0
7141,b,0
7142,c,0
7143,d,0
7144,e,0
7145,a,0
7146,b,0
7147,c,0
7148,d,0
7149,e,0
7150,a,0
7151,b,0
7152,c,0
7153,d,0
7154,e,0
7155,a,0
7156,b,0
7157,c,0
7158,d,0
7159,e,0
7160,a,0
7161,b,0
7162,c,0
7163,d,0
7164,e,0
7165,a,0
7166,b,0
7167,c,0
7168,d,0
7169,e,0
7170,a,0
7171,b,0
7172,c,0
7173,d,0
7174,e,0
7175,a,0
7176,b,0
7177,c,0
7178,d,0
7179,e,0
7180,a,0
7181,b,0
7182,c,0
7183,d,0
7184,e,0
7185,a,0
7186,b,0
7187,c,0
7188,d,0
7189,e,0
7190,a,0
7191,b,0
7192,c,0
7193,d,0
7194,e,0
7195,a,0
7196,b,0
7197,c,0
7198,d,0
7199,e,0
7200,a,0
7201,b,0
7202,c,0
7203,d,0
7204,e,0
7205,a,0
7206,b,0
7207,c,0
7208,d,0
7209,e,0
7210,a,0
7211,b,0
7212,c,0
7213,d,0
7214,e,0
7215,a,0
7216,b,0
7217,c,0
7218,d,0
7219,e,0
7220,a,0
7221,b,0
7222,c,0
7223,d,0
7224,e,0
7225,a,0
7226,b,0
7227,c,0
7228,d,0
7229,e,0
7230,a,0
7231,b,0
7232,c,0
7233,d,0
7234,e,0
7235,a,0
7236,b,0
7237,c,0
7238,d,0
7239,e,0
7240,a,0
7241,b,0
7242,c,0
7243,d,0
7244,e,0
7245,a,0
7246,b,0
7247,c,0
7248,d,0
7249,e,0
7250,a,0
7251,b,0
7252,c,0
7253,d,0
7254,e,0
7255,a,0
7256,b,0
7257,c,0
7258,d,0
7259,e,0
7260,a,0
7261,b,0
7262,c,0
7263,d,0
7264,e,0
7265,a,0
7266,b,0
7267,c,0
7268,d,0
7269,e,0
7270,a,0
7271,b,0
7272,c,0
7273,d,0
7274,e,0
7275,a,0
7276,b,0
7277,c,0
7278,d,0
7279,e,0
7280,a,0
7281,b,0
7282,c,0
7283,d,0
7284,e,0
7285,a,0
7286,b,0
7287,c,0
7288,d,0
7289,e,0
7290,a,0
7291,b,0
7292,c,0
7293,d,0
7294,e,0
7295,a,0
7296,b,0
7297,c,0
7298,d,0
7299,e,0
7300,a,0
7301,b,0
7302,c,0
7303,d,0
7304,e,0
7305,a,0
7306,b,0
7307,c,0
7308,d,0
7309,e,0
7310,a,0
7311,b,0
7312,c,0
7313,d,0
7314,e,0
7315,a,0
7316,b,0
7317,c,0
7318,d,0
7319,e,0
7320,a,0
7321,b,0
7322,c,0
7323,d,0
7324,e,0
7325,a,0
7326,b,0
7327,c,0
7328,d,0
7329,e,0
7330,a,0
7331,b,0
7332,c,0
7333,d,0
7334,e,0
7335,a,0
7336,b,0
7337,c,0
7338,d,0
7339,e,0
7340,a,0
7341,b,0
7342,c,0
7343,d,0
7344,e,0
7345,a,0
7346,b,0
7347,c,0
7348,d,0
7349,e,0
7350,a,0
7351,b,0
7352,c,0
7353,d,0
7354,e,0
7355,a,0
7356,b,0
7357,c,0
7358,d,0
7359,e,0
7360,a,0
7361,b,0
7362,c,0
7363,d,0
7364,e,0
7365,a,0
7366,b,0
7367,c,0
7368,d,0
7369,e,0
7370,a,0
7371,b,0
7372,c,0
7373,d,0
7374,e,0
7375,a,0
7376,b,0
7377,c,0
7378,d,0
7379,e,0
7380,a,0
7381,b,0
7382,c,0
7383,d,0
7384,e,0
7385,a,0
7386,b,0
7387,c,0
7388,d,0
7389,e,0
7390,a,0
7391,b,0
7392,c,0
7393,d,0
7394,e,0
7395,a,0
7396,b,0
7397,c,0
7398,d,0
7399,e,0
7400,a,0
7401,b,0
7402,c,0
7403,d,0
7404,e,0
7405,a,0
7406,b,0
7407,c,0
7408,d,0
7409,e,0
7410,a,0
7411,b,0
7412,c,0
7413,d,0
7414,e,0
7415,a,0
7416,b,0
7417,c,0
7418,d,0
7419,e,0
7420,a,0
7421,b,0
7422,c,0
7423,d,0
7424,e,0
7425,a,0
7426,b,0
7427,c,0
7428,d,0
7429,e,0
7430,a,0
7431,b,0
7432,c,0
7433,d,0
7434,e,0
7435,a,0
7436,b,0
7437,c,0
7438,d,0
7439,e,0
7440,a,0
7441,b,0
7442,c,0
7443,d,0
7444,e,0
7445,a,0
7446,b,0
7447,c,0
7448,d,0
7449,e,0
7450,a,0
7451,b,0
7452,c,0
7453,d,0
7454,e,0
7455,a,0
7456,b,0
7457,c,0
7458,d,0
7459,e,0
7460,a,0
7461,b,0
7462,c,0
7463,d,0
7464,e,0
7465,a,0
7466,b,0
7467,c,0
7468,d,0
7469,e,0
7470,a,0
7471,b,0
7472,c,0
7473,d,0
7474,e,0
7475,a,0
7476,b,0
7477,c,0
7478,d,0
7479,e,0
7480,a,0
7481,b,0
7482,c,0
7483,d,0
7484,e,0
7485,a,0
7486,b,0
7487,c,0
7488,d,0
7489,e,0
7490,a,0
7491,b,0
7492,c,0
7493,d,0
7494,e,0
7495,a,0
7496,b,0
7497,c,0
7498,d,0
7499,e,0
7500,a,0
7501,b,0
7502,c,0
7503,d,0
7504,e,0
7505,a,0
7506,b,0
7507,c,0
7508,d,0
7509,e,0
7510,a,0
7511,b,0
7512,c,0
7513,d,0
7514,e,0
7515,a,0
7516,b,0
7517,c,0
7518,d,0
7519,e,0
7520,a,0
7521,b,0
7522,c,0
7523,d,0
7524,e,0
7525,a,0
7526,b,0
7527,c,0
7528,d,0
7529,e,0
7530,a,0
7531,b,0
7532,c,0
7533,d,0
7534,e,0
7535,a,0
7536,b,0
7537,c,0
7538,d,0
7539,e,0
7540,a,0
7541,b,0
7542,c,0
7543,d,0
7544,e,0
7545,a,0
7546,b,0
7547,c,0
7548,d,0
7549,e,0
7550,a,0
7551,b,0
7552,c,0
7553,d,0
7554,e,0
7555,a,0
7556,b,0
7557,c,0
7558,d,0
7559,e,0
7560,a,0
7561,b,0
7562,c,0
7563,d,0
7564,e,0
7565,a,0
7566,b,0
7567,c,0
7568,d,0
7569,e,0
7570,a,0
7571,b,0
7572,c,0
7573,d,0
7574,e,0
7575,a,0
7576,b,0
7577,c,0
7578,d,0
7579,e,0
7580,a,0
7581,b,0
7582,c,0
7583,d,0
7584,e,0
7585,a,0
7586,b,0
7587,c,0
7588,d,0
7589,e,0
7590,a,0
7591,b,0
7592,c,0
7593,d,0
7594,e,0
7595,a,0
7596,b,0
7597,c,0
7598,d,0
7599,e,0
7600,a,0
7601,b,0
7602,c,0
7603,d,0
7604,e,0
7605,a,0
7606,b,0
7607,c,0
7608,d,0
7609,e,0
7610,a,0
7611,b,0
7612,c,0
7613,d,0
7614,e,0
7615,a,0
7616,b,0
7617,c,0
7618,d,0
7619,e,0
7620,a,0
7621,b,0
7622,c,0
7623,d,0
7624,e,0
7625,a,0
7626,b,0
7627,c,0
7628,d,0
7629,e,0
7630,a,0
7631,b,0
7632,c,0
7633,d,0
7634,e,0
7635,a,0
7636,b,0
7637,c,0
7638,d,0
7639,e,0
7640,a,0
7641,b,0
7642,c,0
7643,d,0
7644,e,0
7645,a,0
7646,b,0
7647,c,0
7648,d,0
7649,e,0
7650,a,0
7651,b,0
7652,c,0
7653,d,0
7654,e,0
7655,a,0
7656,b,0
7657,c,0
7658,d,0
7659,e,0
7660,a,0
7661,b,0
7662,c,0
7663,d,0
7664,e,0
7665,a,0
7666,b,0
7667,c,0
7668,d,0
7669,e,0
7670,a,0
7671,b,0
7672,c,0
7673,d,0
7674,e,0
7675,a,0
7676,b,0
7677,c,0
7678,d,0
7679,e,0
7680,a,0
7681,b,0
7682,c,0
7683,d,0
7684,e,0
7685,a,0
7686,b,0
7687,c,0
7688,d,0
7689,e,0
7690,a,0
7691,b,0
7692,c,0
7693,d,0
7694,e,0
7695,a,0
7696,b,0
7697,c,0
7698,d,0
7699,e,0
7700,a,0
7701,b,0
7702,c,0
7703,d,0
7704,e,0
7705,a,0
7706,b,0
7707,c,0
7708,d,0
7709,e,0
7710,a,0
7711,b,0
7712,c,0
7713,d,0
7714,e,0
7715,a,0
7716,b,0
7717,c,0
7718,d,0
7719,e,0
7720,a,0
7721,b,0
7722,c,0
7723,d,0
7724,e,0
7725,a,0
7726,b,0
7727,c,0
7728,d,0
7729,e,0
7730,a,0
7731,b,0
7732,c,0
7733,d,0
7734,e,0
7735,a,0
7736,b,0
7737,c,0
7738,d,0
7739,e,0
7740,a,0
7741,b,0
7742,c,0
7743,d,0
7744,e,0
7745,a,0
7746,b,0
7747,c,0
7748,d,0
7749,e,0
7750,a,0
7751,b,0
7752,c,0
7753,d,0
7754,e,0
7755,a,0
7756,b,0
7757,c,0
7758,d,0
7759,e,0
7760,a,0
7761,b,0
7762,c,0
7763,d,0
7764,e,0
7765,a,0
7766,b,0
7767,c,0
7768,d,0
7769,e,0
7770,a,0
7771,b,0
7772,c,0
7773,d,0
7774,e,0
7775,a,0
7776,b,0
7777,c,0
7778,d,0
7779,e,0
7780,a,0
7781,b,0
7782,c,0
7783,d,0
7784,e,0
7785,a,0
7786,b,0
7787,c,0
7788,d,0
7789,e,0
7790,a,0
7791,b,0
7792,c,0
7793,d,0
7794,e,0
7795,a,0
7796,b,0
7797,c,0
7798,d,0
7799,e,0
7800,a,0
7801,b,0
7802,c,0
7803,d,0
7804,e,0
7805,a,0
7806,b,0
7807,c,0
7808,d,0
7809,e,0
7810,a,0
7811,b,0
7812,c,0
7813,d,0
7814,e,0
7815,a,0
7816,b,0
7817,c,0
7818,d,0
7819,e,0
7820,a,0
7821,b,0
7822,c,0
7823,d,0
7824,e,0
7825,a,0
7826,b,0
7827,c,0
7828,d,0
7829,e,0
7830,a,0
7831,b,0
7832,c,0
7833,d,0
7834,e,0
7835,a,0
7836,b,0
7837,c,0
7838,d,0
7839,e,0
7840,a,0
7841,b,0
7842,c,0
7843,d,0
7844,e,0
7845,a,0
7846,b,0
7847,c,0
7848,d,0
7849,e,0
7850,a,0
7851,b,0
7852,c,0
7853,d,0
7854,e,0
7855,a,0
7856,b,0
7857,c,0
7858,d,0
7859,e,0
7860,a,0
7861,b,0
7862,c,0
7863,d,0
7864,e,0
7865,a,0
7866,b,0
7867,c,0
7868,d,0
7869,e,0
7870,a,0
7871,b,0
7872,c,0
7873,d,0
7874,e,0
7875,a,0
7876,b,0
7877,c,0
7878,d,0
7879,e,0
7880,a,0
7881,b,0
7882,c,0
7883,d,0
7884,e,0
7885,a,0
7886,b,0
7887,c,0
7888,d,0
7889,e,0
7890,a,0
7891,b,0
7892,c,0
7893,d,0
7894,e,0
7895,a,0
7896,b,0
7897,c,0
7898,d,0
7899,e,0
7900,a,0
7901,b,0
7902,c,0
7903,d,0
7904,e,0
7905,a,0
7906,b,0
7907,c,0
7908,d,0
7909,e,0
7910,a,0
7911,b,0
7912,c,0
7913,d,0
7914,e,0
7915,a,0
7916,b,0
7917,c,0
7918,d,0
7919,e,0
7920,a,0
7921,b,0
7922,c,0
7923,d,0
7924,e,0
7925,a,0
7926,b,0
7927,c,0
7928,d,0
7929,e,0
7930,a,0
7931,b,0
7932,c,0
7933,d,0
7934,e,0
7935,a,0
7936,b,0
7937,c,0
7938,d,0
7939,e,0
7940,a,0
7941,b,0
7942,c,0
7943,d,0
7944,e,0
7945,a,0
7946,b,0
7947,c,0
7948,d,0
7949,e,0
7950,a,0
7951,b,0
7952,c,0
7953,d,0
7954,e,0
7955,a,0
7956,b,0
7957,c,0
7958,d,0
7959,e,0
7960,a,0
7961,b,0
7962,c,0
7963,d,0
7964,e,0
7965,a,0
7966,b,0
7967,c,0
7968,d,0
7969,e,0
7970,a,0
7971,b,0
7972,c,0
7973,d,0
7974,e,0
7975,a,0
7976,b,0
7977,c,0
7978,d,0
7979,e,0
7980,a,0
7981,b,0
7982,c,0
7983,d,0
7984,e,0
7985,a,0
7986,b,0
7987,c,0
7988,d,0
7989,e,0
7990,a,0
7991,b,0
7992,c,0
7993,d,0
7994,e,0
7995,a,0
7996,b,0
7997,c,0
7998,d,0
7999,e,0
8000,a,0
8001,b,0
8002,c,0
8003,d,0
8004,e,0
8005,a,0
8006,b,0
8007,c,0
8008,d,0
8009,e,0
8010,a,0
8011,b,0
8012,c,0
8013,d,0
8014,e,0
8015,a,0
8016,b,0
8017,c,0
8018,d,0
8019,e,0
8020,a,0
8021,b,0
8022,c,0
8023,d,0
8024,e,0
8025,a,0
8026,b,0
8027,c,0
8028,d,0
8029,e,0
8030,a,0
8031,b,0
8032,c,0
8033,d,0
8034,e,0
8035,a,0
8036,b,0
8037,c,0
8038,d,0
8039,e,0
8040,a,0
8041,b,0
8042,c,0
8043,d,0
8044,e,0
8045,a,0
8046,b,0
8047,c,0
8048,d,0
8049,e,0
8050,a,0
8051,b,0
8052,c,0
8053,d,0
8054,e,0
8055,a,0
8056,b,0
8057,c,0
8058,d,0
8059,e,0
8060,a,0
8061,b,0
8062,c,0
8063,d,0
8064,e,0
8065,a,0
8066,b,0
8067,c,0
8068,d,0
8069,e,0
8070,a,0
8071,b,0
8072,c,0
8073,d,0
8074,e,0
8075,a,0
8076,b,0
8077,c,0
8078,d,0
8079,e,0
8080,a,0
8081,b,0
8082,c,0
8083,d,0
8084,e,0
8085,a,0
8086,b,0
8087,c,0
8088,d,0
8089,e,0
8090,a,0
8091,b,0
8092,c,0
8093,d,0
8094,e,0
8095,a,0
8096,b,0
8097,c,0
8098,d,0
8099,e,0
8100,a,0
8101,b,0
8102,c,0
8103,d,0
8104,e,0
8105,a,0
8106,b,0
8107,c,0
8108,d,0
8109,e,0
8110,a,0
8111,b,0
8112,c,0
8113,d,0
8114,e,0
8115,a,0
8116,b,0
8117,c,0
8118,d,0
8119,e,0
8120,a,0
8121,b,0
8122,c,0
8123,d,0
8124,e,0
8125,a,0
8126,b,0
8127,c,0
8128,d,0
8129,e,0
8130,a,0
8131,b,0
8132,c,0
8133,d,0
8134,e,0
8135,a,0
8136,b,0
8137,c,0
8138,d,0
8139,e,0
8140,a,0
8141,b,0
8142,c,0
8143,d,0
8144,e,0
8145,a,0
8146,b,0
8147,c,0
8148,d,0
8149,e,0
8150,a,0
8151,b,0
8152,c,0
8153,d,0
8154,e,0
8155,a,0
8156,b,0
8157,c,0
8158,d,0
8159,e,0
8160,a,0
8161,b,0
8162,c,0
8163,d,0
8164,e,0
8165,a,0
8166,b,0
8167,c,0
8168,d,0
8169,e,0
8170,a,0
8171,b,0
8172,c,0
8173,d,0
8174,e,0
8175,a,0
8176,b,0
8177,c,0
8178,d,0
8179,e,0
8180,a,0
8181,b,0
8182,c,0
8183,d,0
8184,e,0
8185,a,0
8186,b,0
8187,c,0
8188,d,0
8189,e,0
8190,a,0
8191,b,0
8192,c,0
8193,d,0
8194,e,0
8195,a,0
8196,b,0
8197,c,0
8198,d,0
8199,e,0
8200,a,0
8201,b,0
8202,c,0
8203,d,0
8204,e,0
8205,a,0
8206,b,0
8207,c,0
8208,d,0
8209,e,0
8210,a,0
8211,b,0
8212,c,0
8213,d,0
8214,e,0
8215,a,0
8216,b,0
8217,c,0
8218,d,0
8219,e,0
8220,a,0
8221,b,0
8222,c,0
8223,d,0
8224,e,0
8225,a,0
8226,b,0
8227,c,0
8228,d,0
8229,e,0
8230,a,0
8231,b,0
8232,c,0
8233,d,0
8234,e,0
8235,a,0
8236,b,0
8237,c,0
8238,d,0
8239,e,0
8240,a,0
8241,b,0
8242,c,0
8243,d,0
8244,e,0
8245,a,0
8246,b,0
8247,c,0
8248,d,0
8249,e,0
8250,a,0
8251,b,0
8252,c,0
8253,d,0
8254,e,0
8255,a,0
8256,b,0
8257,c,0
8258,d,0
8259,e,0
8260,a,0
8261,b,0
8262,c,0
8263,d,0
8264,e,0
8265,a,0
8266,b,0
8267,c,0
8268,d,0
8269,e,0
8270,a,0
8271,b,0
8272,c,0
8273,d,0
8274,e,0
8275,a,0
8276,b,0
8277,c,0
8278,d,0
8279,e,0
8280,a,0
8281,b,0
8282,c,0
8283,d,0
8284,e,0
8285,a,0
8286,b,0
8287,c,0
8288,d,0
8289,e,0
8290,a,0
8291,b,0
8292,c,0
8293,d,0
8294,e,0
8295,a,0
8296,b,0
8297,c,0
8298,d,0
8299,e,0
8300,a,0
8301,b,0
8302,c,0
8303,d,0
8304,e,0
8305,a,0
8306,b,0
8307,c,0
8308,d,0
8309,e,0
8310,a,0
8311,b,0
8312,c,0
8313,d,0
8314,e,0
8315,a,0
8316,b,0
8317,c,0
8318,d,0
8319,e,0
8320,a,0
8321,b,0
8322,c,0
8323,d,0
8324,e,0
8325,a,0
8326,b,0
8327,c,0
8328,d,0
8329,e,0
8330,a,0
8331,b,0
8332,c,0
8333,d,0
8334,e,0
8335,a,0
8336,b,0
8337,c,0
8338,d,0
8339,e,0
8340,a,0
8341,b,0
8342,c,0
8343,d,0
8344,e,0
8345,a,0
8346,b,0
8347,c,0
8348,d,0
8349,e,0
8350,a,0
8351,b,0
8352,c,0
8353,d,0
8354,e,0
8355,a,0
8356,b,0
8357,c,0
8358,d,0
8359,e,0
8360,a,0
8361,b,0
8362,c,0
8363,d,0
8364,e,0
8365,a,0
8366,b,0
8367,c,0
8368,d,0
8369,e,0
8370,a,0
8371,b,0
8372,c,0
8373,d,0
8374,e,0
8375,a,0
8376,b,0
8377,c,0
8378,d,0
8379,e,0
8380,a,0
8381,b,0
8382,c,0
8383,d,0
8384,e,0
8385,a,0
8386,b,0
8387,c,0
8388,d,0
8389,e,0
8390,a,0
8391,b,0
8392,c,0
8393,d,0
8394,e,0
8395,a,0
8396,b,0
8397,c,0
8398,d,0
8399,e,0
8400,a,0
8401,b,0
8402,c,0
8403,d,0
8404,e,0
8405,a,0
8406,b,0
8407,c,0
8408,d,0
8409,e,0
8410,a,0
8411,b,0
8412,c,0
8413,d,0
8414,e,0
8415,a,0
8416,b,0
8417,c,0
8418,d,0
8419,e,0
8420,a,0
8421,b,0
8422,c,0
8423,d,0
8424,e,0
8425,a,0
8426,b,0
8427,c,0
8428,d,0
8429,e,0
8430,a,0
8431,b,0
8432,c,0
8433,d,0
8434,e,0
8435,a,0
8436,b,0
8437,c,0
8438,d,0
8439,e,0
8440,a,0
8441,b,0
8442,c,0
8443,d,0
8444,e,0
8445,a,0
8446,b,0
8447,c,0
8448,d,0
8449,e,0
8450,a,0
8451,b,0
8452,c,0
8453,d,0
8454,e,0
8455,a,0
8456,b,0
8457,c,0
8458,d,0
8459,e,0
8460,a,0
8461,b,0
8462,c,0
8463,d,0
8464,e,0
8465,a,0
8466,b,0
8467,c,0
8468,d,0
8469,e,0
8470,a,0
8471,b,0
8472,c,0
8473,d,0
8474,e,0
8475,a,0
8476,b,0
8477,c,0
8478,d,0
8479,e,0
8480,a,0
8481,b,0
8482,c,0
8483,d,0
8484,e,0
8485,a,0
8486,b,0
8487,c,0
8488,d,0
8489,e,0
8490,a,0
8491,b,0
8492,c,0
8493,d,0
8494,e,0
8495,a,0
8496,b,0
8497,c,0
8498,d,0
8499,e,0
8500,a,0
8501,b,0
8502,c,0
8503,d,0
8504,e,0
8505,a,0
8506,b,0
8507,c,0
8508,d,0
8509,e,0
8510,a,0
8511,b,0
8512,c,0
8513,d,0
8514,e,0
8515,a,0
8516,b,0
8517,c,0
8518,d,0
8519,e,0
8520,a,0
8521,b,0
8522,c,0
8523,d,0
8524,e,0
8525,a,0
8526,b,0
8527,c,0
8528,d,0
8529,e,0
8530,a,0
8531,b,0
8532,c,0
8533,d,0
8534,e,0
8535,a,0
8536,b,0
8537,c,0
8538,d,0
8539,e,0
8540,a,0
8541,b,0
8542,c,0
8543,d,0
8544,e,0
8545,a,0
8546,b,0
8547,c,0
8548,d,0
8549,e,0
8550,a,0
8551,b,0
8552,c,0
8553,d,0
8554,e,0
8555,a,0
8556,b,0
8557,c,0
8558,d,0
8559,e,0
8560,a,0
8561,b,0
8562,c,0
8563,d,0
8564,e,0
8565,a,0
8566,b,0
8567,c,0
8568,d,0
8569,e,0
8570,a,0
8571,b,0
8572,c,0
8573,d,0
8574,e,0
8575,a,0
8576,b,0
8577,c,0
8578,d,0
8579,e,0
8580,a,0
8581,b,0
8582,c,0
8583,d,0
8584,e,0
8585,a,0
8586,b,0
8587,c,0
8588,d,0
8589,e,0
8590,a,0
8591,b,0
8592,c,0
8593,d,0
8594,e,0
8595,a,0
8596,b,0
8597,c,0
8598,d,0
8599,e,0
8600,a,0
8601,b,0
8602,c,0
8603,d,0
8604,e,0
8605,a,0
8606,b,0
8607,c,0
8608,d,0
8609,e,0
8610,a,0
8611,b,0
8612,c,0
8613,d,0
8614,e,0
8615,a,0
8616,b,0
8617,c,0
8618,d,0
8619,e,0
8620,a,0
8621,b,0
8622,c,0
8623,d,0
8624,e,0
8625,a,0
8626,b,0
8627,c,0
8628,d,0
8629,e,0
8630,a,0
8631,b,0
8632,c,0
8633,d,0
8634,e,0
8635,a,0
8636,b,0
8637,c,0
8638,d,0
8639,e,0
8640,a,0
8641,b,0
8642,c,0
8643,d,0
8644,e,0
8645,a,0
8646,b,0
8647,c,0
8648,d,0
8649,e,0
8650,a,0
8651,b,0
8652,c,0
8653,d,0
8654,e,0
8655,a,0
8656,b,0
8657,c,0
8658,d,0
8659,e,0
8660,a,0
8661,b,0
8662,c,0
8663,d,0
8664,e,0
8665,a,0
8666,b,0
8667,c,0
8668,d,0
8669,e,0
8670,a,0
8671,b,0
8672,c,0
8673,d,0
8674,e,0
8675,a,0
8676,b,0
8677,c,0
8678,d,0
8679,e,0
8680,a,0
8681,b,0
8682,c,0
8683,d,0
8684,e,0
8685,a,0
8686,b,0
8687,c,0
8688,d,0
8689,e,0
8690,a,0
8691,b,0
8692,c,0
8693,d,0
8694,e,0
8695,a,0
8696,b,0
8697,c,0
8698,d,0
8699,e,0
8700,a,0
8701,b,0
8702,c,0
8703,d,0
8704,e,0
8705,a,0
8706,b,0
8707,c,0
8708,d,0
8709,e,0
8710,a,0
8711,b,0
8712,c,0
8713,d,0
8714,e,0
8715,a,0
8716,b,0
8717,c,0
8718,d,0
8719,e,0
8720,a,0
8721,b,0
8722,c,0
8723,d,0
8724,e,0
8725,a,0
8726,b,0
8727,c,0
8728,d,0
8729,e,0
8730,a,0
8731,b,0
8732,c,0
8733,d,0
8734,e,0
8735,a,0
8736,b,0
8737,c,0
8738,d,0
8739,e,0
8740,a,0
8741,b,0
8742,c,0
8743,d,0
8744,e,0
8745,a,0
8746,b,0
8747,c,0
8748,d,0
8749,e,0
8750,a,0
8751,b,0
8752,c,0
8753,d,0
8754,e,0
8755,a,0
8756,b,0
8757,c,0
8758,d,0
8759,e,0
8760,a,0
8761,b,0
8762,c,0
8763,d,0
8764,e,0
8765,a,0
8766,b,0
8767,c,0
8768,d,0
8769,e,0
8770,a,0
8771,b,0
8772,c,0
8773,d,0
8774,e,0
8775,a,0
8776,b,0
8777,c,0
8778,d,0
8779,e,0
8780,a,0
8781,b,0
8782,c,0
8783,d,0
8784,e,0
8785,a,0
8786,b,0
8787,c,0
8788,d,0
8789,e,0
8790,a,0
8791,b,0
8792,c,0
8793,d,0
8794,e,0
8795,a,0
8796,b,0
8797,c,0
8798,d,0
8799,e,0
8800,a,0
8801,b,0
8802,c,0
8803,d,0
8804,e,0
8805,a,0
8806,b,0
8807,c,0
8808,d,0
8809,e,0
8810,a,0
8811,b,0
8812,c,0
8813,d,0
8814,e,0
8815,a,0
8816,b,0
8817,c,0
8818,d,0
8819,e,0
8820,a,0
8821,b,0
8822,c,0
8823,d,0
8824,e,0
8825,a,0
8826,b,0
8827,c,0
8828,d,0
8829,e,0
8830,a,0
8831,b,0
8832,c,0
8833,d,0
8834,e,0
8835,a,0
8836,b,0
8837,c,0
8838,d,0
8839,e,0
8840,a,0
8841,b,0
8842,c,0
8843,d,0
8844,e,0
8845,a,0
8846,b,0
8847,c,0
8848,d,0
8849,e,0
8850,a,0
8851,b,0
8852,c,0
8853,d,0
8854,e,0
8855,a,0
8856,b,0
8857,c,0
8858,d,0
8859,e,0
8860,a,0
8861,b,0
8862,c,0
8863,d,0
8864,e,0
8865,a,0
8866,b,0
8867,c,0
8868,d,0
8869,e,0
8870,a,0
8871,b,0
8872,c,0
8873,d,0
8874,e,0
8875,a,0
8876,b,0
8877,c,0
8878,d,0
8879,e,0
8880,a,0
8881,b,0
8882,c,0
8883,d,0
8884,e,0
8885,a,0
8886,b,0
8887,c,0
8888,d,0
8889,e,0
8890,a,0
8891,b,0
8892,c,0
8893,d,0
8894,e,0
8895,a,0
8896,b,0
8897,c,0
8898,d,0
8899,e,0
8900,a,0
8901,b,0
8902,c,0
8903,d,0
8904,e,0
8905,a,0
8906,b,0
8907,c,0
8908,d,0
8909,e,0
8910,a,0
8911,b,0
8912,c,0
8913,d,0
8914,e,0
8915,a,0
8916,b,0
8917,c,0
8918,d,0
8919,e,0
8920,a,0
8921,b,0
8922,c,0
8923,d,0
8924,e,0
8925,a,0
8926,b,0
8927,c,0
8928,d,0
8929,e,0
8930,a,0
8931,b,0
8932,c,0
8933,d,0
8934,e,0
8935,a,0
8936,b,0
8937,c,0
8938,d,0
8939,e,0
8940,a,0
8941,b,0
8942,c,0
8943,d,0
8944,e,0
8945,a,0
8946,b,0
8947,c,0
8948,d,0
8949,e,0
8950,a,0
8951,b,0
8952,c,0
8953,d,0
8954,e,0
8955,a,0
8956,b,0
8957,c,0
8958,d,0
8959,e,0
8960,a,0
8961,b,0
8962,c,0
8963,d,0
8964,e,0
8965,a,0
8966,b,0
8967,c,0
8968,d,0
8969,e,0
8970,a,0
8971,b,0
8972,c,0
8973,d,0
8974,e,0
8975,a,0
8976,b,0
8977,c,0
8978,d,0
8979,e,0
8980,a,0
8981,b,0
8982,c,0
8983,d,0
8984,e,0
8985,a,0
8986,b,0
8987,c,0
8988,d,0
8989,e,0
8990,a,0
8991,b,0
8992,c,0
8993,d,0
8994,e,0
8995,a,0
8996,b,0
8997,c,0
8998,d,0
8999,e,0
9000,a,0
9001,b,0
9002,c,0
9003,d,0
9004,e,0
9005,a,0
9006,b,0
9007,c,0
9008,d,0
9009,e,0
9010,a,0
9011,b,0
9012,c,0
9013,d,0
9014,e,0
9015,a,0
9016,b,0
9017,c,0
9018,d,0
9019,e,0
9020,a,0
9021,b,0
9022,c,0
9023,d,0
9024,e,0
9025,a,0
9026,b,0
9027,c,0
9028,d,0
9029,e,0
9030,a,0
9031,b,0
9032,c,0
9033,d,0
9034,e,0
9035,a,0
9036,b,0
9037,c,0
9038,d,0
9039,e,0
9040,a,0
9041,b,0
9042,c,0
9043,d,0
9044,e,0
9045,a,0
9046,b,0
9047,c,0
9048,d,0
9049,e,0
9050,a,0
9051,b,0
9052,c,0
9053,d,0
9054,e,0
9055,a,0
9056,b,0
9057,c,0
9058,d,0
9059,e,0
9060,a,0
9061,b,0
9062,c,0
9063,d,0
9064,e,0
9065,a,0
9066,b,0
9067,c,0
9068,d,0
9069,e,0
9070,a,0
9071,b,0
9072,c,0
9073,d,0
9074,e,0
9075,a,0
9076,b,0
9077,c,0
9078,d,0
9079,e,0
9080,a,0
9081,b,0
9082,c,0
9083,d,0
9084,e,0
9085,a,0
9086,b,0
9087,c,0
9088,d,0
9089,e,0
9090,a,0
9091,b,0
9092,c,0
9093,d,0
9094,e,0
9095,a,0
9096,b,0
9097,c,0
9098,d,0
9099,e,0
9100,a,0
9101,b,0
9102,c,0
9103,d,0
9104,e,0
9105,a,0
9106,b,0
9107,c,0
9108,d,0
9109,e,0
9110,a,0
9111,b,0
9112,c,0
9113,d,0
9114,e,0
9115,a,0
9116,b,0
9117,c,0
9118,d,0
9119,e,0
9120,a,0
9121,b,0
9122,c,0
9123,d,0
9124,e,0
9125,a,0
9126,b,0
9127,c,0
9128,d,0
9129,e,0
9130,a,0
9131,b,0
9132,c,0
9133,d,0
9134,e,0
9135,a,0
9136,b,0
9137,c,0
9138,d,0
9139,e,0
9140,a,0
9141,b,0
9142,c,0
9143,d,0
9144,e,0
9145,a,0
9146,b,0
9147,c,0
9148,d,0
9149,e,0
9150,a,0
9151,b,0
9152,c,0
9153,d,0
9154,e,0
9155,a,0
9156,b,0
9157,c,0
9158,d,0
9159,e,0
9160,a,0
9161,b,0
9162,c,0
9163,d,0
9164,e,0
9165,a,0
9166,b,0
9167,c,0
9168,d,0
9169,e,0
9170,a,0
9171,b,0
9172,c,0
9173,d,0
9174,e,0
9175,a,0
9176,b,0
9177,c,0
9178,d,0
9179,e,0
9180,a,0
9181,b,0
9182,c,0
9183,d,0
9184,e,0
9185,a,0
9186,b,0
9187,c,0
9188,d,0
9189,e,0
9190,a,0
9191,b,0
9192,c,0
9193,d,0
9194,e,0
9195,a,0
9196,b,0
9197,c,0
9198,d,0
9199,e,0
9200,a,0
9201,b,0
9202,c,0
9203,d,0
9204,e,0
9205,a,0
9206,b,0
9207,c,0
9208,d,0
9209,e,0
9210,a,0
9211,b,0
9212,c,0
9213,d,0
9214,e,0
9215,a,0
9216,b,0
9217,c,0
9218,d,0
9219,e,0
9220,a,0
9221,b,0
9222,c,0
9223,d,0
9224,e,0
9225,a,0
9226,b,0
9227,c,0
9228,d,0
9229,e,0
9230,a,0
9231,b,0
9232,c,0
9233,d,0
9234,e,0
9235,a,0
9236,b,0
9237,c,0
9238,d,0
9239,e,0
9240,a,0
9241,b,0
9242,c,0
9243,d,0
9244,e,0
9245,a,0
9246,b,0
9247,c,0
9248,d,0
9249,e,0
9250,a,0
9251,b,0
9252,c,0
9253,d,0
9254,e,0
9255,a,0
9256,b,0
9257,c,0
9258,d,0
9259,e,0
9260,a,0
9261,b,0
9262,c,0
9263,d,0
9264,e,0
9265,a,0
9266,b,0
9267,c,0
9268,d,0
9269,e,0
9270,a,0
9271,b,0
9272,c,0
9273,d,0
9274,e,0
9275,a,0
9276,b,0
9277,c,0
9278,d,0
9279,e,0
9280,a,0
9281,b,0
9282,c,0
9283,d,0
9284,e,0
9285,a,0
9286,b,0
9287,c,0
9288,d,0
9289,e,0
9290,a,0
9291,b,0
9292,c,0
9293,d,0
9294,e,0
9295,a,0
9296,b,0
9297,c,0
9298,d,0
9299,e,0
9300,a,0
9301,b,0
9302,c,0
9303,d,0
9304,e,0
9305,a,0
9306,b,0
9307,c,0
9308,d,0
9309,e,0
9310,a,0
9311,b,0
9312,c,0
9313,d,0
9314,e,0
9315,a,0
9316,b,0
9317,c,0
9318,d,0
9319,e,0
9320,a,0
9321,b,0
9322,c,0
9323,d,0
9324,e,0
9325,a,0
9326,b,0
9327,c,0
9328,d,0
9329,e,0
9330,a,0
9331,b,0
9332,c,0
9333,d,0
9334,e,0
9335,a,0
9336,b,0
9337,c,0
9338,d,0
9339,e,0
9340,a,0
9341,b,0
9342,c,0
9343,d,0
9344,e,0
9345,a,0
9346,b,0
9347,c,0
9348,d,0
9349,e,0
9350,a,0
9351,b,0
9352,c,0
9353,d,0
9354,e,0
9355,a,0
9356,b,0
9357,c,0
9358,d,0
9359,e,0
9360,a,0
9361,b,0
9362,c,0
9363,d,0
9364,e,0
9365,a,0
9366,b,0
9367,c,0
9368,d,0
9369,e,0
9370,a,0
9371,b,0
9372,c,0
9373,d,0
9374,e,0
9375,a,0
9376,b,0
9377,c,0
9378,d,0
9379,e,0
9380,a,0
9381,b,0
9382,c,0
9383,d,0
9384,e,0
9385,a,0
9386,b,0
9387,c,0
9388,d,0
9389,e,0
9390,a,0
9391,b,0
9392,c,0
9393,d,0
9394,e,0
9395,a,0
9396,b,0
9397,c,0
9398,d,0
9399,e,0
9400,a,0
9401,b,0
9402,c,0
9403,d,0
9404,e,0
9405,a,0
9406,b,0
9407,c,0
9408,d,0
9409,e,0
9410,a,0
9411,b,0
9412,c,0
9413,d,0
9414,e,0
9415,a,0
9416,b,0
9417,c,0
9418,d,0
9419,e,0
9420,a,0
9421,b,0
9422,c,0
9423,d,0
9424,e,0
9425,a,0
9426,b,0
9427,c,0
9428,d,0
9429,e,0
9430,a,0
9431,b,0
9432,c,0
9433,d,0
9434,e,0
9435,a,0
9436,b,0
9437,c,0
9438,d,0
9439,e,0
9440,a,0
9441,b,0
9442,c,0
9443,d,0
9444,e,0
9445,a,0
9446,b,0
9447,c,0
9448,d,0
9449,e,0
9450,a,0
9451,b,0
9452,c,0
9453,d,0
9454,e,0
9455,a,0
9456,b,0
9457,c,0
9458,d,0
9459,e,0
9460,a,0
9461,b,0
9462,c,0
9463,d,0
9464,e,0
9465,a,0
9466,b,0
9467,c,0
9468,d,0
9469,e,0
9470,a,0
9471,b,0
9472,c,0
9473,d,0
9474,e,0
9475,a,0
9476,b,0
9477,c,0
9478,d,0
9479,e,0
9480,a,0
9481,b,0
9482,c,0
9483,d,0
9484,e,0
9485,a,0
9486,b,0
9487,c,0
9488,d,0
9489,e,0
9490,a,0
9491,b,0
9492,c,0
9493,d,0
9494,e,0
9495,a,0
9496,b,0
9497,c,0
9498,d,0
9499,e,0
9500,a,0
9501,b,0
9502,c,0
9503,d,0
9504,e,0
9505,a,0
9506,b,0
9507,c,0
9508,d,0
9509,e,0
9510,a,0
9511,b,0
9512,c,0
9513,d,0
9514,e,0
9515,a,0
9516,b,0
9517,c,0
9518,d,0
9519,e,0
9520,a,0
9521,b,0
9522,c,0
9523,d,0
9524,e,0
9525,a,0
9526,b,0
9527,c,0
9528,d,0
9529,e,0
9530,a,0
9531,b,0
9532,c,0
9533,d,0
9534,e,0
9535,a,0
9536,b,0
9537,c,0
9538,d,0
9539,e,0
9540,a,0
9541,b,0
9542,c,0
9543,d,0
9544,e,0
9545,a,0
9546,b,0
9547,c,0
9548,d,0
9549,e,0
9550,a,0
9551,b,0
9552,c,0
9553,d,0
9554,e,0
9555,a,0
9556,b,0
9557,c,0
9558,d,0
9559,e,0
9560,a,0
9561,b,0
9562,c,0
9563,d,0
9564,e,0
9565,a,0
9566,b,0
9567,c,0
9568,d,0
9569,e,0
9570,a,0
9571,b,0
9572,c,0
9573,d,0
9574,e,0
9575,a,0
9576,b,0
9577,c,0
9578,d,0
9579,e,0
9580,a,0
9581,b,0
9582,c,0
9583,d,0
9584,e,0
9585,a,0
9586,b,0
9587,c,0
9588,d,0
9589,e,0
9590,a,0
9591,b,0
9592,c,0
9593,d,0
9594,e,0
9595,a,0
9596,b,0
9597,c,0
9598,d,0
9599,e,0
9600,a,0
9601,b,0
9602,c,0
9603,d,0
9604,e,0
9605,a,0
9606,b,0
9607,c,0
9608,d,0
9609,e,0
9610,a,0
9611,b,0
9612,c,0
9613,d,0
9614,e,0
9615,a,0
9616,b,0
9617,c,0
9618,d,0
9619,e,0
9620,a,0
9621,b,0
9622,c,0
9623,d,0
9624,e,0
9625,a,0
9626,b,0
9627,c,0
9628,d,0
9629,e,0
9630,a,0
9631,b,0
9632,c,0
9633,d,0
9634,e,0
9635,a,0
9636,b,0
9637,c,0
9638,d,0
9639,e,0
9640,a,0
9641,b,0
9642,c,0
9643,d,0
9644,e,0
9645,a,0
9646,b,0
9647,c,0
9648,d,0
9649,e,0
9650,a,0
9651,b,0
9652,c,0
9653,d,0
9654,e,0
9655,a,0
9656,b,0
9657,c,0
9658,d,0
9659,e,0
9660,a,0
9661,b,0
9662,c,0
9663,d,0
9664,e,0
9665,a,0
9666,b,0
9667,c,0
9668,d,0
9669,e,0
9670,a,0
9671,b,0
9672,c,0
9673,d,0
9674,e,0
9675,a,0
9676,b,0
9677,c,0
9678,d,0
9679,e,0
9680,a,0
9681,b,0
9682,c,0
9683,d,0
9684,e,0
9685,a,0
9686,b,0
9687,c,0
9688,d,0
9689,e,0
9690,a,0
9691,b,0
9692,c,0
9693,d,0
9694,e,0
9695,a,0
9696,b,0
9697,c,0
9698,d,0
9699,e,0
9700,a,0
9701,b,0
9702,c,0
9703,d,0
9704,e,0
9705,a,0
9706,b,0
9707,c,0
9708,d,0
9709,e,0
9710,a,0
9711,b,0
9712,c,0
9713,d,0
9714,e,0
9715,a,0
9716,b,0
9717,c,0
9718,d,0
9719,e,0
9720,a,0
9721,b,0
9722,c,0
9723,d,0
9724,e,0
9725,a,0
9726,b,0
9727,c,0
9728,d,0
9729,e,0
9730,a,0
9731,b,0
9732,c,0
9733,d,0
9734,e,0
9735,a,0
9736,b,0
9737,c,0
9738,d,0
9739,e,0
9740,a,0
9741,b,0
9742,c,0
9743,d,0
9744,e,0
9745,a,0
9746,b,0
9747,c,0
9748,d,0
9749,e,0
9750,a,0
9751,b,0
9752,c,0
9753,d,0
9754,e,0
9755,a,0
9756,b,0
9757,c,0
9758,d,0
9759,e,0
9760,a,0
9761,b,0
9762,c,0
9763,d,0
9764,e,0
9765,a,0
9766,b,0
9767,c,0
9768,d,0
9769,e,0
9770,a,0
9771,b,0
9772,c,0
9773,d,0
9774,e,0
9775,a,0
9776,b,0
9777,c,0
9778,d,0
9779,e,0
9780,a,0
9781,b,0
9782,c,0
9783,d,0
9784,e,0
9785,a,0
9786,b,0
9787,c,0
9788,d,0
9789,e,0
9790,a,0
9791,b,0
9792,c,0
9793,d,0
9794,e,0
9795,a,0
9796,b,0
9797,c,0
9798,d,0
9799,e,0
9800,a,0
9801,b,0
9802,c,0
9803,d,0
9804,e,0
9805,a,0
9806,b,0
9807,c,0
9808,d,0
9809,e,0
9810,a,0
9811,b,0
9812,c,0
9813,d,0
9814,e,0
9815,a,0
9816,b,0
9817,c,0
9818,d,0
9819,e,0
9820,a,0
9821,b,0
9822,c,0
9823,d,0
9824,e,0
9825,a,0
9826,b,0
9827,c,0
9828,d,0
9829,e,0
9830,a,0
9831,b,0
9832,c,0
9833,d,0
9834,e,0
9835,a,0
9836,b,0
9837,c,0
9838,d,0
9839,e,0
9840,a,0
9841,b,0
9842,c,0
9843,d,0
9844,e,0
9845,a,0
9846,b,0
9847,c,0
9848,d,0
9849,e,0
9850,a,0
9851,b,0
9852,c,0
9853,d,0
9854,e,0
9855,a,0
9856,b,0
9857,c,0
9858,d,0
9859,e,0
9860,a,0
9861,b,0
9862,c,0
9863,d,0
9864,e,0
9865,a,0
9866,b,0
9867,c,0
9868,d,0
9869,e,0
9870,a,0
9871,b,0
9872,c,0
9873,d,0
9874,e,0
9875,a,0
9876,b,0
9877,c,0
9878,d,0
9879,e,0
9880,a,0
9881,b,0
9882,c,0
9883,d,0
9884,e,0
9885,a,0
9886,b,0
9887,c,0
9888,d,0
9889,e,0
9890,a,0
9891,b,0
9892,c,0
9893,d,0
9894,e,0
9895,a,0
9896,b,0
9897,c,0
9898,d,0
9899,e,0
9900,a,0
9901,b,0
9902,c,0
9903,d,0
9904,e,0
9905,a,0
9906,b,0
9907,c,0
9908,d,0
9909,e,0
9910,a,0
9911,b,0
9912,c,0
9913,d,0
9914,e,0
9915,a,0
9916,b,0
9917,c,0
9918,d,0
9919,e,0
9920,a,0
9921,b,0
9922,c,0
9923,d,0
9924,e,0
9925,a,0
9926,b,0
9927,c,0
9928,d,0
9929,e,0
9930,a,0
9931,b,0
9932,c,0
9933,d,0
9934,e,0
9935,a,0
9936,b,0
9937,c,0
9938,d,0
9939,e,0
9940,a,0
9941,b,0
9942,c,0
9943,d,0
9944,e,0
9945,a,0
9946,b,0
9947,c,0
9948,d,0
9949,e,0
9950,a,0
9951,b,0
9952,c,0
9953,d,0
9954,e,0
9955,a,0
9956,b,0
9957,c,0
9958,d,0
9959,e,0
9960,a,0
9961,b,0
9962,c,0
9963,d,0
9964,e,0
9965,a,0
9966,b,0
9967,c,0
9968,d,0
9969,e,0
9970,a,0
9971,b,0
9972,c,0
9973,d,0
9974,e,0
9975,a,0
9976,b,0
9977,c,0
9978,d,0
9979,e,0
9980,a,0
9981,b,0
9982,c,0
9983,d,0
9984,e,0
9985,a,0
9986,b,0
9987,c,0
9988,d,0
9989,e,0
9990,a,0
9991,b,0
9992,c,0
9993,d,0
9994,e,0
9995,a,0
9996,b,0
9997,c,0
9998,d,0
9999,e,0
